building_id,timestamp,startdate,enddate,month,total_potable_water_gal,total_potable_water_costs,indoor_potable_water_gal,indoor_potable_water_costs,outdoor_water_gal,outdoor_water_costs,storm_sewer_output_gal,storm_sewer_costs,electricity_kwh,electricity_costs,ren_electricity_kwh,ren_electricity_costs,natural_gas_cubicfeet,natural_gas_costs,ren_gas_cubicft,ren_gas_costs,fuel_oil_mgal,fuel_oil_costs,steam_mlb,steam_costs,chilled_water_ton_hr,chilled_water_costs,fuel_coal_ton,fuel_coal_costs,source_energy_coal_percent,source_energy_coal_efficiency,source_energy_fuel_oil_percent,source_energy_fuel_oil_efficiency,source_energy_natural_gas_percent,source_energy_natural_gas_efficiency,source_energy_propane_percent,source_energy_propane_efficiency,source_energy_hydro_percent,source_energy_hydro_efficiency,source_energy_wind_percent,source_energy_wind_efficiency,source_energy_geothermal_percent,source_energy_geothermal_efficiency,source_energy_low_impact_hydro_percent,source_energy_low_impact_hydro_efficiency,source_energy_other_percent,source_energy_other_efficiency,peak_electricity_demand_kW,peak_demand_costs,maintenance_contract_cost,maintenance_additional_cost,number_maintenance_requests,number_preventative_jobs,buildingkg_hazardous_chemicals_used,housekeeping_maintenance_costs,housekeeping_kg_hazardous_waste_used,grounds_maintenance_costs,grounds_kg_hazardous_chemicals_used,solid_sanitary_waste_cubicyards,solid_sanitary_waste_costs,hazardous_waste_generated_gal,hazardous_waste_costs,recycled_plastic_ft3,recycled_plastic_cost,recycled_cardboard_ft3,recycled_cardboard_cost,recycled_metal_ft3,recycled_metal_cost,recycled_paper_ft3,recycled_paper_cost,recycled_glass_ft3,recycled_glass_cost,parking_leased_costs,number_leased_parking_spaces,recycled_plastic_lbs,recycled_cardboard_lbs,recycled_metal_lbs,recycled_paper_lbs,recycled_glass_lbs,steam_pressure_psig,chilled_water_delta_degF,solid_sanitary_waste_lbs,recycled_total_ft3,preventative_jobs_hours,maintenance_request_hours,electric_MBTU,naturalgas_MBTU,steam_MBTU,chilledwater_MBTU
IA0027ZZ,5/17/2007 10:34,3/26/2007,4/24/2007,Mar,26250,191.84,,,,,,,,,,,,,,,,,,,,,,,,,,,,,,,,,,,,,,,,,,,,,,,,,,,,,,,,,,,,,,,,,,,,,,,,,,,,,,,0,0,0,0
IA0027ZZ,4/18/2007 10:33,2/22/2007,3/26/2007,Feb,23250,184.42,,,,,,,,,,,,,,,,,,,,,,,,,,,,,,,,,,,,,,,,,,,,,,,,,,,,,,,,,,,,,,,,,,,,,,,,,,,,,,,0,0,0,0
IA0027ZZ,3/19/2007 10:31,1/24/2007,2/22/2007,Jan,28500,197.42,,,,,,,,,,,,,,,,,,,,,,,,,,,,,,,,,,,,,,,,,,,,,,,,,,,,,,,,,,,,,,,,,,,,,,,,,,,,,,,0,0,0,0
IA0027ZZ,2/20/2007 10:29,12/21/2006,1/24/2007,Dec,8250,150.01,,,,,,,,,,,,,,,,,,,,,,,,,,,,,,,,,,,,,,,,,,,,,,,,,,,,,,,,,,,,,,,,,,,,,,,,,,,,,,,0,0,0,0
IA0027ZZ,1/16/2007 10:28,11/22/2006,12/21/2006,Nov,8250,135.57,,,,,,,,,,,,,,,,,,,,,,,,,,,,,,,,,,,,,,,,,,,,,,,,,,,,,,,,,,,,,,,,,,,,,,,,,,,,,,,0,0,0,0
IA0027ZZ,12/19/2006 10:27,10/25/2006,11/22/2006,Oct,24000,186.26,,,,,,,,,,,,,,,,,,,,,,,,,,,,,,,,,,,,,,,,,,,,,,,,,,,,,,,,,,,,,,,,,,,,,,,,,,,,,,,0,0,0,0
IA0027ZZ,11/20/2006 10:23,9/26/2006,10/25/2006,Sep,51750,255,,,,,,,,,,,,,,,,,,,,,,,,,,,,,,,,,,,,,,,,,,,,,,,,,,,,,,,,,,,,,,,,,,,,,,,,,,,,,,,0,0,0,0
IA0027ZZ,10/19/2006 10:22,8/25/2006,9/26/2006,Aug,88500,351.88,,,,,,188.6,,,,,,,,,,,,,,,,,,,,,,,,,,,,,,,,,,,,,,,,,,,,,,,,,,,,,,,,,,,,,,,,,,,,,,,,,0,0,0,0
TN0012ZZ,9/5/2007 17:10,3/1/2007,3/31/2007,Mar,25433.7,427.91,,,,,,,124200,9382,0,0,173800,1993,0,0,0,0,0,0,0,0,0,0,,,,,,,,,,,,,,,,,,,0,0,,,,,,,,,,,,,,,,,,,,,6.6,,,,,,,,430,,,,,,,,423.89,17.38,0,0
TN0012ZZ,9/5/2007 17:10,2/1/2007,2/28/2007,Feb,13464.9,427.91,,,,,,,109800,8417,0,0,350700,3764,0,0,0,0,0,0,0,0,0,0,,,,,,,,,,,,,,,,,,,0,0,,,,,,,,,,,,,,,,,,,,,7.5,,,,,,,,490,,,,,,,,374.75,35.07,0,0
TN0012ZZ,9/5/2007 17:10,1/1/2007,1/31/2007,Jan,20945.4,402.41,,,,,,,126000,8428,0,0,393300,5461,0,0,0,0,0,0,0,0,0,0,,,,,,,,,,,,,,,,,,,0,0,,,,,,,,,,,,,,,,,,,,,6.3,,,,,,,,450,,,,,,,,430.04,39.33,0,0
TN0012ZZ,9/5/2007 17:07,12/1/2006,12/31/2006,Dec,24685.65,402.41,,,,,,,121500,8694,0,0,293800,3616,0,0,0,0,0,0,0,0,0,0,,,,,,,,,,,,,,,,,,,0,0,,,,,,,,,,,,,,,,,,,,,6,,,,,,,,400,,,,,,,,414.68,29.38,0,0
TN0012ZZ,9/5/2007 17:07,11/1/2006,11/30/2006,Nov,23189.55,402.41,,,,,,,120600,9214,0,0,325500,3788,0,0,0,0,0,0,0,0,0,0,,,,,,,,,,,,,,,,,,,0,0,,,,,,,,,,,,,,,,,,,,,0,,,,,,,,0,,,,,,,,411.61,32.55,0,0
TN0012ZZ,9/5/2007 17:07,10/1/2006,10/31/2006,Oct,58347.9,410.41,,,,,,,137700,9947,0,0,240100,2922,0,0,0,0,0,0,0,0,0,0,,,,,,,,,,,,,,,,,,,0,0,,,,,,,,,,,,,,,,,,,,,6.3,,,,,,,,450,,,,,,,,469.97,24.01,0,0
TN0012ZZ,9/5/2007 17:07,9/1/2006,9/30/2006,Sep,119688,427.21,,,,,,,129600,9840,0,0,149000,1861,0,0,0,0,0,0,0,0,0,0,,,,,,,,,,,,,,,,,,,0,0,,,,,,,,,,,,,,,,,,,,,15,,,,,,,,990,,,,,,,,442.32,14.9,0,0
TN0012ZZ,9/5/2007 17:05,4/1/2006,4/30/2006,Apr,55355.7,402.41,,,,,,,155700,11342,0,0,174700,2190,0,0,0,0,0,0,0,0,0,0,,,,,,,,,,,,,,,,,,,0,0,,,,,,,,,,,,,,,,,,,,,5.4,,,,,,,,350,,,,,,,,531.4,17.47,0,0
TN0012ZZ,9/5/2007 17:05,5/1/2006,5/31/2006,May,54607.65,402.42,,,,,,,149400,12071,0,0,71900,831,0,0,0,0,0,0,0,0,0,0,,,,,,,,,,,,,,,,,,,0,0,,,,,,,,,,,,,,,,,,,,,0,,,,,,,,0,,,,,,,,509.9,7.19,0,0
TN0012ZZ,9/5/2007 17:06,6/1/2006,6/30/2006,Jun,105475.1,402.41,,,,,,,143100,11515,0,0,0,12,0,0,0,0,0,0,0,0,0,0,,,,,,,,,,,,,,,,,,,0,0,,,,,,,,,,,,,,,,,,,,,4.5,,,,,,,,300,,,,,,,,488.4,0,0,0
TN0012ZZ,9/5/2007 17:06,7/1/2006,7/31/2006,Jul,19449.3,402.41,,,,,,,180000,13774,0,0,0,12,0,0,0,0,0,0,0,0,0,0,,,,,,,,,,,,,,,,,,,0,0,,,,,,,,,,,,,,,,,,,,,4.8,,,,,,,,310,,,,,,,,614.34,0,0,0
TN0012ZZ,9/5/2007 17:06,8/1/2006,8/31/2006,Aug,279770.7,957.93,,,,,,,184500,12593,0,0,0,12,0,0,0,0,0,0,0,0,0,0,,,,,,,,,,,,,,,,,,,0,0,,,,,,,,,,,,,,,,,,,,,8.7,,,,,,,,570,,,,,,,,629.7,0,0,0
OH0302ZZ,4/1/2005 0:00,4/1/2005,4/30/2005,Apr,,,,,,,,,53800,6549,0,0,0,0,0,0,0,0,20,170,0,0,0,0,,,,,,,,,,,,,,,,,,,0,0,,,,,,,,,,,,,,,,,,,,,,,,,,,,,,,,,,,,,183.62,0,20,0
OH0302ZZ,5/1/2005 0:00,5/1/2005,5/31/2005,May,,,,,,,,,69720,9496,0,0,0,0,0,0,0,0,13,110,0,0,0,0,,,,,,,,,,,,,,,,,,,0,0,,,,,,,,,,,,,,,,,,,,,,,,,,,,,,,,,,,,,237.95,0,13,0
OH0302ZZ,6/1/2005 0:00,6/1/2005,6/30/2005,Jun,,,,,,,,,80440,10499,0,0,0,0,0,0,0,0,0,0,0,0,0,0,,,,,,,,,,,,,,,,,,,0,0,,,,,,,,,,,,,,,,,,,,,,,,,,,,,,,,,,,,,274.54,0,0,0
OH0302ZZ,7/1/2005 0:00,7/1/2005,7/31/2005,Jul,,,,,,,,,78400,10409,0,0,0,0,0,0,0,0,0,0,0,0,0,0,,,,,,,,,,,,,,,,,,,0,0,,,,,,,,,,,,,,,,,,,,,,,,,,,,,,,,,,,,,267.58,0,0,0
OH0302ZZ,8/1/2005 0:00,8/1/2005,8/31/2005,Aug,,,,,,,,,93960,13221,0,0,0,0,0,0,0,0,0,0,0,0,0,0,,,,,,,,,,,,,,,,,,,0,0,,,,,,,,,,,,,,,,,,,,,,,,,,,,,,,,,,,,,320.69,0,0,0
OH0302ZZ,9/1/2005 0:00,9/1/2005,9/30/2005,Sep,,,,,,,,,58240,8822,0,0,0,0,0,0,0,0,0,0,0,0,0,0,,,,,,,,,,,,,,,,,,,0,0,,,,,,,,,,,,,,,,,,,,,,,,,,,,,,,,,,,,,198.77,0,0,0
OH0302ZZ,10/1/2005 0:00,10/1/2005,10/31/2005,Oct,,,,,,,,,48640,6501,0,0,0,0,0,0,0,0,9,76,0,0,0,0,,,,,,,,,,,,,,,,,,,0,0,,,,,,,,,,,,,,,,,,,,,,,,,,,,,,,,,,,,,166.01,0,9,0
OH0302ZZ,11/1/2005 0:00,11/1/2005,11/30/2005,Nov,,,,,,,,,52160,6022,0,0,0,0,0,0,0,0,114,967,0,0,0,0,,,,,,,,,,,,,,,,,,,0,0,,,,,,,,,,,,,,,,,,,,,,,,,,,,,,,,,,,,,178.02,0,114,0
OH0302ZZ,12/1/2005 0:00,12/1/2005,12/31/2005,Dec,,,,,,,,,47080,5802,0,0,0,0,0,0,0,0,363,3079,0,0,0,0,,,,,,,,,,,,,,,,,,,0,0,,,,,,,,,,,,,,,,,,,,,,,,,,,,,,,,,,,,,160.68,0,363,0
OH0302ZZ,10/24/2007 20:30,1/1/2006,1/31/2006,Jan,,,,,,,,,45320,5868,0,0,0,0,0,0,0,0,182,1621,0,0,0,0,,,,,,,,,,,,,,,,,,,0,0,,,20,,,,,,,4,127.5,,,,,,,,,,,,,,,,,,4800,,,,2800,,,,154.68,0,182,0
OH0302ZZ,10/24/2007 20:34,2/1/2006,2/28/2006,Feb,,,,,,,,,51200,6336,0,0,0,0,0,0,0,0,261,2394,0,0,0,0,,,,,,,,,,,,,,,,,,,0,0,,,37,,,,,,,4,127.5,,,,,,,,,,,,,,,,,,4800,,,,2800,,,,174.75,0,261,0
OH0302ZZ,10/24/2007 20:32,3/1/2006,3/31/2006,Mar,,,,,,,,,53360,7026,0,0,0,0,0,0,0,0,172,1567,0,0,0,0,,,,,,,,,,,,,,,,,,,0,0,,,16,,,,,,,4,127.5,,,,,,,,,,,,,,,,,,4800,,,,2800,,,,182.12,0,172,0
OH0033ZZ,4/1/2005 0:00,4/1/2005,4/30/2005,Apr,,,,,,,,,488400,28409,0,0,0,0,0,0,0,0,1202,17803,27500,7565,0,0,,,,,,,,,,,,,,,,,,,500,0,,,,,,,,,,,,,,,,,,,,,,,,,,,,,,,,,,,,,1666.91,0,1202,330
OH0033ZZ,5/1/2005 0:00,5/1/2005,5/31/2005,May,,,,,,,,,504300,30567,0,0,0,0,0,0,0,0,1070,15166,41500,9553,0,0,,,,,,,,,,,,,,,,,,,591,0,,,,,,,,,,,,,,,,,,,,,,,,,,,,,,,,,,,,,1721.18,0,1070,498
OH0033ZZ,6/1/2005 0:00,6/1/2005,6/30/2005,Jun,,,,,,,,,295200,24278,0,0,0,0,0,0,0,0,635,9489,156500,35038,0,0,,,,,,,,,,,,,,,,,,,638,0,,,,,,,,,,,,,,,,,,,,,,,,,,,,,,,,,,,,,1007.52,0,635,1878
OH0033ZZ,7/1/2005 0:00,7/1/2005,7/31/2005,Jul,,,,,,,,,25200,3625,0,0,0,0,0,0,0,0,154,2386,86333,19873,0,0,,,,,,,,,,,,,,,,,,,150,0,,,,,,,,,,,,,,,,,,,,,,,,,,,,,,,,,,,,,86.01,0,154,1036
OH0033ZZ,8/1/2005 0:00,8/1/2005,8/31/2005,Aug,,,,,,,,,251700,15106,0,0,0,0,0,0,0,0,243,3708,105417,24424,0,0,,,,,,,,,,,,,,,,,,,223,0,,,,,,,,,,,,,,,,,,,,,,,,,,,,,,,,,,,,,859.05,0,243,1265
OH0033ZZ,9/1/2005 0:00,9/1/2005,9/30/2005,Sep,,,,,,,,,177300,15893,0,0,0,0,0,0,0,0,177,3163,64917,14943,0,0,,,,,,,,,,,,,,,,,,,453,0,,,,,,,,,,,,,,,,,,,,,,,,,,,,,,,,,,,,,605.12,0,177,779
OH0033ZZ,10/1/2005 0:00,10/1/2005,10/31/2005,Oct,,,,,,,,,151800,12977,0,0,0,0,0,0,0,0,410,6963,30917,7117,0,0,,,,,,,,,,,,,,,,,,,394,0,,,,,,,,,,,,,,,,,,,,,,,,,,,,,,,,,,,,,518.09,0,410,371
OH0033ZZ,11/1/2005 0:00,11/1/2005,11/30/2005,Nov,,,,,,,,,126600,11544,0,0,0,0,0,0,0,0,849,13857,17000,3913,0,0,,,,,,,,,,,,,,,,,,,379,0,,,,,,,,,,,,,,,,,,,,,,,,,,,,,,,,,,,,,432.09,0,849,204
OH0033ZZ,12/1/2005 0:00,12/1/2005,12/31/2005,Dec,,,,,,,,,49098,4720,0,0,0,0,0,0,0,0,1319,20914,24167,5563,0,0,,,,,,,,,,,,,,,,,,,150,0,,,,,,,,,,,,,,,,,,,,,,,,,,,,,,,,,,,,,167.57,0,1319,290
OH0033ZZ,1/1/2006 0:00,1/1/2006,1/31/2006,Jan,,,,,,,,,52800,5521,0,0,0,0,0,0,0,0,1195,19621,5250,1268,0,0,,,,,,,,,,,,,,,,,,,168,0,,,,,,,,,,,,,,,,,,,,,,,,,,,,,,,,,,,,,180.21,0,1195,63
OH0033ZZ,2/1/2006 0:00,2/1/2006,2/28/2006,Feb,,,,,,,,,65100,5934,0,0,0,0,0,0,0,0,1266,20742,7833,1892,0,0,,,,,,,,,,,,,,,,,,,156,0,,,,,,,,,,,,,,,,,,,,,,,,,,,,,,,,,,,,,222.19,0,1266,94
OH0033ZZ,3/1/2006 0:00,3/1/2006,3/31/2006,Mar,,,,,,,,,425100,26199,0,0,0,0,0,0,0,0,1264,21419,8250,1992,0,0,,,,,,,,,,,,,,,,,,,438,0,,,,,,,,,,,,,,,,,,,,,,,,,,,,,,,,,,,,,1450.87,0,1264,99
CA0200ZZ,4/1/2005 0:00,4/1/2005,4/30/2005,Apr,,,,,,,,,156783,18483,0,0,0,0,0,0,0,0,118,3265,26791,7952,0,0,,,,,,,,,,,,,,,,,,,0,0,,,,,,,,,,,,,,,,,,,,,,,,,,,,,,,,,,,,,535.1,0,118,321.49
CA0200ZZ,5/1/2005 0:00,5/1/2005,5/31/2005,May,,,,,,,,,174160,21092,0,0,0,0,0,0,0,0,872,2404,40902,12140,0,0,,,,,,,,,,,,,,,,,,,0,0,,,,,,,,,,,,,,,,,,,,,,,,,,,,,,,,,,,,,594.41,0,872,490.82
CA0200ZZ,6/1/2005 0:00,6/1/2005,6/30/2005,Jun,,,,,,,,,161843,22096,0,0,0,0,0,0,0,0,38,1054,27606,8194,0,0,,,,,,,,,,,,,,,,,,,0,0,,,,,,,,,,,,,,,,,,,,,,,,,,,,,,,,,,,,,552.37,0,38,331.27
CA0200ZZ,7/1/2005 0:00,7/1/2005,7/31/2005,Jul,,,,,,,,,160796,22401,0,0,0,0,0,0,0,0,32,883,75345,20837,0,0,,,,,,,,,,,,,,,,,,,0,0,,,,,,,,,,,,,,,,,,,,,,,,,,,,,,,,,,,,,548.8,0,32,904.14
CA0200ZZ,8/1/2005 0:00,8/1/2005,8/31/2005,Aug,,,,,,,,,173562,23949,0,0,0,0,0,0,0,0,53,1193,66295,18335,0,0,,,,,,,,,,,,,,,,,,,0,0,,,,,,,,,,,,,,,,,,,,,,,,,,,,,,,,,,,,,592.37,0,53,795.54
CA0200ZZ,9/1/2005 0:00,9/1/2005,9/30/2005,Sep,,,,,,,,,177625,23129,0,0,0,0,0,0,0,0,56,1276,52669,14566,0,0,,,,,,,,,,,,,,,,,,,0,0,,,,,,,,,,,,,,,,,,,,,,,,,,,,,,,,,,,,,606.23,0,56,632.03
CA0200ZZ,10/1/2005 0:00,10/1/2005,10/31/2005,Oct,,,,,,,,,169522,20181,0,0,0,0,0,0,0,0,68,1550,39120,10819,0,0,,,,,,,,,,,,,,,,,,,0,0,,,,,,,,,,,,,,,,,,,,,,,,,,,,,,,,,,,,,578.58,0,68,469.44
CA0200ZZ,11/1/2005 0:00,11/1/2005,11/30/2005,Nov,,,,,,,,,162943,19483,0,0,0,0,0,0,0,0,90,2036,27158,7511,0,0,,,,,,,,,,,,,,,,,,,0,0,,,,,,,,,,,,,,,,,,,,,,,,,,,,,,,,,,,,,556.12,0,90,325.9
CA0200ZZ,12/1/2005 0:00,12/1/2005,12/31/2005,Dec,,,,,,,,,154900,18689,0,0,0,0,0,0,0,0,206,4674,12226,3381,0,0,,,,,,,,,,,,,,,,,,,0,0,,,,,,,,,,,,,,,,,,,,,,,,,,,,,,,,,,,,,528.67,0,206,146.71
CA0200ZZ,1/1/2006 0:00,1/1/2006,1/31/2006,Jan,,,,,,,,,164221,19813,0,0,0,0,0,0,0,0,204,4622,12616,3489,0,0,,,,,,,,,,,,,,,,,,,0,0,,,,,,,,,,,,,,,,,,,,,,,,,,,,,,,,,,,,,560.49,0,204,151.39
CA0200ZZ,2/1/2006 0:00,2/1/2006,2/28/2006,Feb,,,,,,,,,163715,19839,0,0,0,0,0,0,0,0,169,3819,12718,3517,0,0,,,,,,,,,,,,,,,,,,,0,0,,,,,,,,,,,,,,,,,,,,,,,,,,,,,,,,,,,,,558.76,0,169,152.62
CA0200ZZ,3/1/2006 0:00,3/1/2006,3/31/2006,Mar,,,,,,,,,160127,19468,0,0,0,0,0,0,0,0,260,5895,7423,2053,0,0,,,,,,,,,,,,,,,,,,,0,0,,,,,,,,,,,,,,,,,,,,,,,,,,,,,,,,,,,,,546.51,0,260,89.08
CO0061ZZ,12/1/2005 0:00,12/1/2005,12/31/2005,Dec,175000,386.47,,,,,,341.25,291282,17225,0,0,0,0,0,0,0,0,1941,41170,18255,21903,0,0,,,,,,,,,,,,,,,,,,,0,0,,,,,,,,,,,,,,,,,,,,,,,,,,,,,,,,,,,,,994.15,0,1941,219.06
CO0061ZZ,10/8/2007 17:05,7/1/2006,7/31/2006,Jul,639000,1358.3,,,,,,1246.05,259540,20329,0,0,0,0,0,0,0,0,119,3328,110910,31898,0,0,,,,,,,,,,,,,,,,,,,0,0,,,54,96,,,,,,,,,,,,,,,,,,,,,,,,,,,,,,,,,885.81,0,119,1330.92
CO0061ZZ,10/8/2007 17:02,2/1/2006,2/28/2006,Feb,164500,369.25,,,,,,320.77,290360,22835,,,,,,,,,1698,39500,18499,22732,,,,,,,,,,,,,,,,,,,,,,,,,51,78,,,,,,,,,,,,,,,,,,,,,,,,,,,,,,,,,991,0,1698,221.99
CO0061ZZ,10/8/2007 17:04,6/1/2006,6/30/2006,Jun,639000,1358.3,,,,,,1246.05,324740,22930,0,0,0,0,0,0,0,0,219,6013,79496,28782,0,0,,,,,,,,,,,,,,,,,,,0,0,,,72,58,,,,,,,,,,,,,,,,,,,,,,,,,,,,,,,,,1108.34,0,219,953.95
CO0061ZZ,10/8/2007 17:03,3/1/2006,3/31/2006,Mar,164500,369.25,,,,,,320.78,234918,20366,0,0,0,0,0,0,0,0,1212,28217,13890,22275,0,0,,,,,,,,,,,,,,,,,,,0,0,,,42,56,,,,,,,,,,,,,,,,,,,,,,,,,,,,,,,,,801.78,0,1212,166.68
CO0061ZZ,10/8/2007 17:03,4/1/2006,4/30/2006,Apr,460500,1006.65,,,,,,897.97,243019,19151,0,0,0,0,0,0,0,0,890,21840,15461,22431,0,0,,,,,,,,,,,,,,,,,,,0,0,,,49,85,,,,,,,,,,,,,,,,,,,,,,,,,,,,,,,,,829.42,0,890,185.53
CO0061ZZ,10/8/2007 17:04,5/1/2006,5/31/2006,May,460500,1006.66,,,,,,897.98,273766,20468,0,0,0,0,0,0,0,0,306,8348,26207,23497,0,0,,,,,,,,,,,,,,,,,,,0,0,,,72,62,,,,,,,,,,,,,,,,,,,,,,,,,,,,,,,,,934.36,0,306,314.48
CO0061ZZ,10/8/2007 17:02,1/1/2006,1/31/2006,Jan,175000,386.47,,,,,,341.25,245956,20312,0,0,0,0,0,0,0,0,1873,43563,10723,21961,0,0,,,,,,,,,,,,,,,,,,,0,0,,,65,84,,,,,,,,,,,,,,,,,,,,,,,,,,,,,,,,,839.45,0,1873,128.68
CO0061ZZ,10/8/2007 17:05,8/1/2006,8/31/2006,Aug,403500,894.36,,,,,,786.82,292373,21232,0,0,0,0,0,0,0,0,233,6389,100571,30873,0,0,,,,,,,,,,,,,,,,,,,0,0,,,63,58,,,,,,,,,,,,,,,,,,,,,,,,,,,,,,,,,997.87,0,233,1206.85
CO0061ZZ,10/8/2007 17:05,9/1/2006,9/30/2006,Sep,403500,894.37,,,,,,786.83,231317,17927,0,0,0,0,0,0,0,0,602,16295,41492,21713,0,0,,,,,,,,,,,,,,,,,,,0,0,,,62,49,,,,,,,,,,,,,,,,,,,,,,,,,,,,,,,,,789.48,0,602,497.9
CO0061ZZ,10/1/2006 0:00,10/1/2006,10/31/2006,Oct,260000,525.87,,,,,,507,235439,17956,0,0,0,0,0,0,0,0,1221,32912,17202,19330,0,0,,,,,,,,,,,,,,,,,,,0,0,,,63,101,,,,,,,,,,,,,,,,,,,,,,,,,,,,,,,,,803.55,0,1221,206.42
CO0061ZZ,11/1/2006 0:00,11/1/2006,11/30/2006,Nov,260000,525.87,,,,,,507,278129,19336,0,0,0,0,0,0,0,0,1560,42012,14755,12616,0,0,,,,,,,,,,,,,,,,,,,0,0,,,48,77,,,,,,,,,,,,,,,,,,,,,,,,,,,,,,,,,949.25,0,1560,177.06
CO0061ZZ,12/1/2006 0:00,12/1/2006,12/31/2006,Dec,92000,209.6,,,,,,179.4,305322,20824,0,0,0,0,0,0,0,0,2015,53379,17473,12886,0,0,,,,,,,,,,,,,,,,,,,0,0,,,43,77,,,,,,,,,,,,,,,,,,,,,,,,,,,,,,,,,1042.06,0,2015,209.68
CO0061ZZ,1/1/2007 0:00,1/1/2007,1/31/2007,Jan,92000,209.6,,,,,,179.4,181449,16980,0,0,0,0,0,0,0,0,2331,60356,27347,14138,0,0,,,,,,,,,,,,,,,,,,,0,0,,,,,,,,,,,,,,,,,,,,,,,,,,,,,,,,,,,,,619.29,0,2331,328.16
CO0061ZZ,2/1/2007 0:00,2/1/2007,2/28/2007,Feb,,,,,,,,,250815,19885,0,0,0,0,0,0,0,0,1449,38861,14210,12811,0,0,,,,,,,,,,,,,,,,,,,0,0,,,,,,,,,,,,,,,,,,,,,,,,,,,,,,,,,,,,,856.03,0,1449,170.52
CO0061ZZ,4/1/2005 0:00,4/1/2005,4/30/2005,Apr,308000,656.85,,,,,,600.6,296973,19917,0,0,0,0,0,0,0,0,1151,23456,7550,20861,0,0,,,,,,,,,,,,,,,,,,,0,0,,,,,,,,,,,,,,,,,,,,,,,,,,,,,,,,,,,,,1013.57,0,1151,90.6
CA0309ZZ,10/24/2007 12:36,4/1/2006,4/30/2006,Apr,,,,,,,,,387900,46949,0,0,374255,4573,0,0,0,0,0,0,0,0,0,0,,,,,,,,,,,,,,,,,,,0,0,,,,,,,,,,,,,,,,,,,,,,,,,,,,,,,,,,,,,1323.9,37.43,0,0
CA0309ZZ,10/24/2007 12:36,5/1/2006,5/31/2006,May,,,,,,,,,508900,83442,0,0,37976,491,0,0,0,0,0,0,0,0,0,0,,,,,,,,,,,,,,,,,,,0,0,,,,,,,,,,,,,,,,,,,,,,,,,,,,,,,,,,,,,1736.88,3.8,0,0
CA0309ZZ,10/24/2007 12:37,6/1/2006,6/30/2006,Jun,,,,,,,,,542800,88427,0,0,37452,424,0,0,0,0,0,0,0,0,0,0,,,,,,,,,,,,,,,,,,,0,0,,,,,,,,,,,,,,,,,,,,,,,,,,,,,,,,,,,,,1852.58,3.75,0,0
CA0309ZZ,10/24/2007 12:37,7/1/2006,7/31/2006,Jul,,,,,,,,,688200,105652,0,0,42559,473,0,0,0,0,0,0,0,0,0,0,,,,,,,,,,,,,,,,,,,0,0,,,,,,,,,,,,,,,,,,,,,,,,,,,,,,,,,,,,,2348.83,4.26,0,0
CA0309ZZ,10/24/2007 12:37,8/1/2006,8/31/2006,Aug,,,,,,,,,380700,59043,0,0,39285,474,0,0,0,0,0,0,0,0,0,0,,,,,,,,,,,,,,,,,,,0,0,,,,,,,,,,,,,,,,,,,,,,,,,,,,,,,,,,,,,1299.33,3.93,0,0
CA0309ZZ,10/24/2007 12:37,9/1/2006,9/30/2006,Sep,,,,,,,,,672200,123455,0,0,39154,490,0,0,0,0,0,0,0,0,0,0,,,,,,,,,,,,,,,,,,,0,0,,,,,,,,,,,,,,,,,,,,,,,,,,,,,,,,,,,,,2294.22,3.92,0,0
CA0309ZZ,10/24/2007 12:37,10/1/2006,10/31/2006,Oct,,,,,,,,,202200,25784,0,0,68094,703,0,0,0,0,0,0,0,0,0,0,,,,,,,,,,,,,,,,,,,0,0,,,,,,,,,,,,,,,,,,,,,,,,,,,,,,,,,,,,,690.11,6.81,0,0
CA0309ZZ,10/24/2007 12:37,11/1/2006,11/30/2006,Nov,,,,,,,,,351100,42495,0,0,413608,4873,0,0,0,0,0,0,0,0,0,0,,,,,,,,,,,,,,,,,,,0,0,,,,,,,,,,,,,,,,,,,,,,,,,,,,,,,,,,,,,1198.3,41.36,0,0
CA0309ZZ,10/24/2007 12:37,12/1/2006,12/31/2006,Dec,,,,,,,,,374400,40518,0,0,1055774,10595,0,0,0,0,0,0,0,0,0,0,,,,,,,,,,,,,,,,,,,0,0,,,,,,,,,,,,,,,,,,,,,,,,,,,,,,,,,,,,,1277.83,105.58,0,0
CA0309ZZ,10/24/2007 12:38,2/1/2007,2/28/2007,Feb,,,,,,,,,402700,44266,0,0,1042556,10422,0,0,0,0,0,0,0,0,0,0,,,,,,,,,,,,,,,,,,,0,0,,,,,,,,,,,,,,,,,,,,,,,,,,,,,,,,,,,,,1374.42,104.26,0,0
CA0309ZZ,10/24/2007 12:38,1/1/2007,1/31/2007,Jan,,,,,,,,,413100,44054,0,0,1441992,14132,0,0,0,0,0,0,0,0,0,0,,,,,,,,,,,,,,,,,,,0,0,,,,,,,,,,,,,,,,,,,,,,,,,,,,,,,,,,,,,1409.91,144.2,0,0
NE0036ZZ,4/1/2006 0:00,4/1/2006,4/30/2006,Apr,,,,,,,,,247680,11861,0,0,0,0,0,0,0,0,506,14932,49581,15729,0,0,,,,,,,,,,,,,,,,,,,648,2754,,,,,,,,,,,,,,,,,,,,,,,,,,,,,,,,,,,,,845.33,0,506,594.97
NE0036ZZ,5/1/2006 0:00,5/1/2006,5/31/2006,May,,,,,,,,,276480,13946,0,0,0,0,0,0,0,0,491,9971,75820,22562,0,0,,,,,,,,,,,,,,,,,,,670,2848,,,,,,,,,,,,,,,,,,,,,,,,,,,,,,,,,,,,,943.63,0,491,909.84
NE0036ZZ,6/1/2006 0:00,6/1/2006,6/30/2006,Jun,,,,,,,,,270720,15761,0,0,0,0,0,0,0,0,350,8262,111515,33234,0,0,,,,,,,,,,,,,,,,,,,711,3022,,,,,,,,,,,,,,,,,,,,,,,,,,,,,,,,,,,,,923.97,0,350,1338.18
NE0036ZZ,7/1/2006 0:00,7/1/2006,7/31/2006,Jul,,,,,,,,,302400,16287,0,0,0,0,0,0,0,0,403,7091,129747,36290,0,0,,,,,,,,,,,,,,,,,,,665,2826,,,,,,,,,,,,,,,,,,,,,,,,,,,,,,,,,,,,,1032.09,0,403,1556.96
NE0036ZZ,8/1/2006 0:00,8/1/2006,8/31/2006,Aug,,,,,,,,,207360,13008,0,0,0,0,0,0,0,0,325,6187,127072,36757,0,0,,,,,,,,,,,,,,,,,,,636,2703,,,,,,,,,,,,,,,,,,,,,,,,,,,,,,,,,,,,,707.72,0,325,1524.86
NE0036ZZ,9/1/2006 0:00,9/1/2006,9/30/2006,Sep,,,,,,,,,221760,12692,0,0,0,0,0,0,0,0,377,7033,65209,25468,0,0,,,,,,,,,,,,,,,,,,,660,2805,,,,,,,,,,,,,,,,,,,,,,,,,,,,,,,,,,,,,756.87,0,377,782.51
NE0036ZZ,10/1/2006 0:00,10/1/2006,10/31/2006,Oct,,,,,,,,,270720,12445,0,0,0,0,0,0,0,0,610,11387,45052,17397,0,0,,,,,,,,,,,,,,,,,,,657,2792,,,,,,,,,,,,,,,,,,,,,,,,,,,,,,,,,,,,,923.97,0,610,540.62
NE0036ZZ,11/1/2006 0:00,11/1/2006,11/30/2006,Nov,,,,,,,,,269280,12293,0,0,0,0,0,0,0,0,812,14033,43654,12766,0,0,,,,,,,,,,,,,,,,,,,645,2741,,,,,,,,,,,,,,,,,,,,,,,,,,,,,,,,,,,,,919.05,0,812,523.85
NE0036ZZ,12/1/2006 0:00,12/1/2006,12/31/2006,Dec,,,,,,,,,289440,12987,0,0,0,0,0,0,0,0,1093,21953,38765,14079,0,0,,,,,,,,,,,,,,,,,,,671,2852,,,,,,,,,,,,,,,,,,,,,,,,,,,,,,,,,,,,,987.86,0,1093,465.18
NE0036ZZ,1/1/2007 0:00,1/1/2007,1/31/2007,Jan,,,,,,,,,292320,12988,0,0,0,0,0,0,0,0,1466,29976,54613,17407,0,0,,,,,,,,,,,,,,,,,,,665,2826,,,,,,,,,,,,,,,,,,,,,,,,,,,,,,,,,,,,,997.69,0,1466,655.36
NE0036ZZ,2/1/2007 0:00,2/1/2007,2/28/2007,Feb,,,,,,,,,256320,12046,0,0,0,0,0,0,0,0,1489,31279,56726,18687,0,0,,,,,,,,,,,,,,,,,,,648,2754,,,,,,,,,,,,,,,,,,,,,,,,,,,,,,,,,,,,,874.82,0,1489,680.71
NE0036ZZ,3/1/2007 0:00,3/1/2007,3/31/2007,Mar,,,,,,,,,288000,13332,0,0,0,0,0,0,0,0,878,24193,56612,19726,0,0,,,,,,,,,,,,,,,,,,,691,2977,,,,,,,,,,,,,,,,,,,,,,,,,,,,,,,,,,,,,982.94,0,878,679.34
OH0302ZZ,10/24/2007 20:33,4/1/2006,4/30/2006,Apr,,,,,,,,,48680,5768,0,0,0,0,0,0,0,0,29,258,0,0,0,0,,,,,,,,,,,,,,,,,,,0,0,,,9,,,,,,,4,127.5,,,,,,,,,,,,,,,,,,4800,,,,2800,,,,166.14,0,29,0
OH0302ZZ,10/24/2007 20:25,5/1/2006,5/31/2006,May,35156,298.66,,,,,,,63360,8083,0,0,0,0,0,0,0,0,3,27,0,0,0,0,,,,,,,,,,,,,,,,,,,0,0,,,6,,,,,,,4,127.5,,,,,,,,,,,,,,,,,,4800,,,,2800,,,,216.25,0,3,0
OH0302ZZ,10/24/2007 20:33,6/1/2006,6/30/2006,Jun,24684,221.76,,,,,,,76520,9898,0,0,0,0,0,0,0,0,0,0,0,0,0,0,,,,,,,,,,,,,,,,,,,0,0,,,7,,,,,,,4,127.5,,,,,,,,,,,,,,,,,,4800,,,,2800,,,,261.16,0,0,0
OH0302ZZ,10/24/2007 20:31,7/1/2006,7/31/2006,Jul,23188,209.41,,,,,,,90640,10302,0,0,0,0,0,0,0,0,0,0,0,0,0,0,,,,,,,,,,,,,,,,,,,0,0,,,24,,,,,,,4,127.5,,,,,,,,,,,,,,,,,,4800,,,,2800,,,,309.35,0,0,0
OH0302ZZ,10/24/2007 20:31,8/1/2006,8/31/2006,Aug,19448,178.55,,,,,,,72760,7921,0,0,0,0,0,0,0,0,0,0,0,0,0,0,,,,,,,,,,,,,,,,,,,0,0,,,20,,,,,,,4,127.5,,,,,,,,,,,,,,,,,,4800,,,,2800,,,,248.33,0,0,0
OH0302ZZ,10/24/2007 20:30,9/1/2006,9/30/2006,Sep,20944,190.89,,,,,,,54800,6966,0,0,0,0,0,0,0,0,0,0,0,0,0,0,,,,,,,,,,,,,,,,,,,0,0,,,22,,,,,,,4,127.5,,,,,,,,,,,,,,,,,,4800,,,,2800,,,,187.03,0,0,0
OH0302ZZ,10/24/2007 20:30,10/1/2006,10/31/2006,Oct,25432,227.47,,,,,,,45960,6795,0,0,0,0,0,0,0,0,19,169,0,0,0,0,,,,,,,,,,,,,,,,,,,0,0,,,24,,,,,,,4,127.5,,,,,,,,,,,,,,,,,,4800,,,,2800,,,,156.86,0,19,0
OH0302ZZ,10/24/2007 20:29,11/1/2006,11/30/2006,Nov,20196,184.72,,,,,,,52640,7262,0,0,0,0,0,0,0,0,52,477,0,0,0,0,,,,,,,,,,,,,,,,,,,0,0,,,24,,,,,,,4,127.5,,,,,,,,,,,,,,,,,,4800,,,,2800,,,,179.66,0,52,0
OH0302ZZ,10/24/2007 20:32,12/1/2006,12/31/2006,Dec,28484,249.37,,,,,,,45760,6023,0,0,0,0,0,0,0,0,139,1238,0,0,0,0,,,,,,,,,,,,,,,,,,,0,0,,,23,,,,,,,4,127.5,,,,,,,,,,,,,,,,,,4800,,,,2800,,,,156.18,0,139,0
OH0302ZZ,10/14/2007 19:44,1/1/2007,1/31/2007,Jan,39644,331.52,,,,,,,52720,4306,0,0,0,0,0,0,0,0,293,2740,0,0,0,0,,,,,,,,,,,,,,,,,,,0,0,,,,,,,,,,,,,,,,,,,,,,,,,,,,,,,,,,,,,179.93,0,293,0
OH0302ZZ,10/14/2007 19:45,2/1/2007,2/28/2007,Feb,46376,380.07,,,,,,,47560,6473,0,0,0,0,0,0,0,0,410,3834,0,0,0,0,,,,,,,,,,,,,,,,,,,0,0,,,,,,,,,,,,,,,,,,,,,,,,,,,,,,,,,,,,,162.32,0,410,0
OH0302ZZ,10/14/2007 19:45,3/1/2007,3/31/2007,Mar,80036,627.27,,,,,,,54800,6556,0,0,0,0,0,0,0,0,159,1487,0,0,0,0,,,,,,,,,,,,,,,,,,,0,0,,,,,,,,,,,,,,,,,,,,,,,,,,,,,,,,,,,,,187.03,0,159,0
OH0033ZZ,4/1/2006 0:00,4/1/2006,4/30/2006,Apr,,,,,,,,,146700,13688,0,0,0,0,0,0,0,0,644,10768,18833,4548,0,0,,,,,,,,,,,,,,,,,,,500,0,,,,,,,,,,,,,,,,,,,,,,,,,,,,,,,,,,,,,500.69,0,644,226
OH0033ZZ,5/1/2006 0:00,5/1/2006,5/31/2006,May,,,,,,,,,125100,12590,0,0,0,0,0,0,0,0,741,12790,44083,10646,0,0,,,,,,,,,,,,,,,,,,,591,0,,,,,,,,,,,,,,,,,,,,,,,,,,,,,,,,,,,,,426.97,0,741,529
OH0033ZZ,6/1/2006 0:00,6/1/2006,6/30/2006,Jun,,,,,,,,,129600,13607,0,0,0,0,0,0,0,0,226,4045,71917,17367,0,0,,,,,,,,,,,,,,,,,,,651,0,,,,,,,,,,,,,,,,,,,,,,,,,,,,,,,,,,,,,442.32,0,226,863
OH0033ZZ,7/1/2006 0:00,7/1/2006,7/31/2006,Jul,,,,,,,,,125400,13422,0,0,0,0,0,0,0,0,290,5050,94833,22901,0,0,,,,,,,,,,,,,,,,,,,394,0,,,,,,,,,,,,,,,,,,,,,,,,,,,,,,,,,,,,,427.99,0,290,1138
OH0033ZZ,8/1/2006 0:00,8/1/2006,8/31/2006,Aug,,,,,,,,,145200,14065,0,0,0,0,0,0,0,0,291,5018,92500,22338,0,0,,,,,,,,,,,,,,,,,,,368,0,,,,,,,,,,,,,,,,,,,,,,,,,,,,,,,,,,,,,495.57,0,291,1110
OH0033ZZ,9/1/2006 0:00,9/1/2006,9/30/2006,Sep,,,,,,,,,118800,12506,0,0,0,0,0,0,0,0,371,6363,53417,12900,0,0,,,,,,,,,,,,,,,,,,,359,0,,,,,,,,,,,,,,,,,,,,,,,,,,,,,,,,,,,,,405.46,0,371,641
OH0033ZZ,10/1/2006 0:00,10/1/2006,10/31/2006,Oct,,,,,,,,,119100,11807,0,0,0,0,0,0,0,0,703,12932,21417,5924,0,0,,,,,,,,,,,,,,,,,,,359,0,,,,,,,,,,,,,,,,,,,,,,,,,,,,,,,,,,,,,406.49,0,703,257
OH0033ZZ,11/1/2006 0:00,11/1/2006,11/30/2006,Nov,,,,,,,,,127008,12078,0,0,0,0,0,0,0,0,918,17002,12083,3342,0,0,,,,,,,,,,,,,,,,,,,341,0,,,,,,,,,,,,,,,,,,,,,,,,,,,,,,,,,,,,,433.48,0,918,145
OH0033ZZ,12/1/2006 0:00,12/1/2006,12/31/2006,Dec,,,,,,,,,132600,12188,0,0,0,0,0,0,0,0,1295,23958,11667,3227,0,0,,,,,,,,,,,,,,,,,,,338,0,,,,,,,,,,,,,,,,,,,,,,,,,,,,,,,,,,,,,452.56,0,1295,140
OH0033ZZ,1/1/2007 0:00,1/1/2007,1/31/2007,Jan,,,,,,,,,126900,11873,0,0,0,0,0,0,0,0,1382,21666,13333,3688,0,0,,,,,,,,,,,,,,,,,,,335,0,,,,,,,,,,,,,,,,,,,,,,,,,,,,,,,,,,,,,433.11,0,1382,160
OH0033ZZ,2/1/2007 0:00,2/1/2007,2/28/2007,Feb,,,,,,,,,169500,16278,0,0,0,0,0,0,0,0,1774,27444,21333,5901,0,0,,,,,,,,,,,,,,,,,,,485,0,,,,,,,,,,,,,,,,,,,,,,,,,,,,,,,,,,,,,578.5,0,1774,256
OH0033ZZ,3/1/2007 0:00,3/1/2007,3/31/2007,Mar,,,,,,,,,167400,16347,0,0,0,0,0,0,0,0,1187,23203,21833,6039,0,0,,,,,,,,,,,,,,,,,,,497,0,,,,,,,,,,,,,,,,,,,,,,,,,,,,,,,,,,,,,571.34,0,1187,262
IA0027ZZ,8/17/2006 10:17,6/26/2006,7/25/2006,Jun,104250,385.02,,,,,,212.96,,,,,,,,,,,,,,,,,,,,,,,,,,,,,,,,,,,,,,,,,,,,,,,,,,,,,,,,,,,,,,,,,,,,,,,,,0,0,0,0
IA0027ZZ,9/19/2006 10:19,7/25/2006,8/25/2006,Jul,16500,390.59,,,,,,233.51,,,,,,,,,,,,,,,,,,,,,,,,,,,,,,,,,,,,,,,,,,,,,,,,,,,,,,,,,,,,,,,,,,,,,,,,,0,0,0,0
IA0027ZZ,7/19/2006 10:14,5/25/2006,6/26/2006,May,85500,338.58,,,,,,177.44,,,,,,,,,,,,,,,,,,,,,,,,,,,,,,,,,,,,,,,,,,,,,,,,,,,,,,,,,,,,,,,,,,,,,,,,,0,0,0,0
IA0027ZZ,6/20/2006 10:12,4/26/2006,5/25/2006,Apr,51000,253.14,,,,,,109.36,,,,,,,,,,,,,,,,,,,,,,,,,,,,,,,,,,,,,,,,,,,,,,,,,,,,,,,,,,,,,,,,,,,,,,,,,0,0,0,0
CA0200ZZ,4/1/2006 0:00,4/1/2006,4/30/2006,Apr,,,,,,,,,165002,20346,0,0,0,0,0,0,0,0,166,3758,14036,3882,0,0,,,,,,,,,,,,,,,,,,,0,0,,,,,,,,,,,,,,,,,,,,,,,,,,,,,,,,,,,,,563.15,0,166,168.43
CA0200ZZ,5/1/2006 0:00,5/1/2006,5/31/2006,May,,,,,,,,,187880,23958,0,0,0,0,0,0,0,0,74,1684,27970,7735,0,0,,,,,,,,,,,,,,,,,,,0,0,,,,,,,,,,,,,,,,,,,,,,,,,,,,,,,,,,,,,641.23,0,74,335.64
CA0200ZZ,6/1/2006 0:00,6/1/2006,6/30/2006,Jun,,,,,,,,,191017,27056,0,0,0,0,0,0,0,0,17,387,25186,6965,0,0,,,,,,,,,,,,,,,,,,,0,0,,,,,,,,,,,,,,,,,,,,,,,,,,,,,,,,,,,,,651.94,0,17,302.23
CA0200ZZ,7/1/2006 0:00,7/1/2006,7/31/2006,Jul,,,,,,,,,202817,27167,0,0,0,0,0,0,0,0,45,1417,145667,56015,0,0,,,,,,,,,,,,,,,,,,,0,0,,,,,,,,,,,,,,,,,,,,,,,,,,,,,,,,,,,,,692.21,0,45,1748
CA0200ZZ,8/1/2006 0:00,8/1/2006,8/31/2006,Aug,,,,,,,,,218870,26527,0,0,0,0,0,0,0,0,18,576,94390,36297,0,0,,,,,,,,,,,,,,,,,,,0,0,,,,,,,,,,,,,,,,,,,,,,,,,,,,,,,,,,,,,747,0,18,1132.68
CA0200ZZ,9/1/2006 0:00,9/1/2006,9/30/2006,Sep,,,,,,,,,204304,25014,0,0,0,0,0,0,0,0,13,394,70397,27070,0,0,,,,,,,,,,,,,,,,,,,0,0,,,,,,,,,,,,,,,,,,,,,,,,,,,,,,,,,,,,,697.29,0,13,844.76
CA0200ZZ,10/1/2006 0:00,10/1/2006,10/31/2006,Oct,,,,,,,,,205843,22782,0,0,0,0,0,0,0,0,45,1426,38862,14944,0,0,,,,,,,,,,,,,,,,,,,0,0,,,,,,,,,,,,,,,,,,,,,,,,,,,,,,,,,,,,,702.54,0,45,466.34
CA0200ZZ,11/1/2006 0:00,11/1/2006,11/30/2006,Nov,,,,,,,,,198178,23972,0,0,0,0,0,0,0,0,100,3152,35783,13760,0,0,,,,,,,,,,,,,,,,,,,0,0,,,,,,,,,,,,,,,,,,,,,,,,,,,,,,,,,,,,,676.38,0,100,429.4
CA0200ZZ,12/1/2006 0:00,12/1/2006,12/31/2006,Dec,,,,,,,,,191343,25870,0,0,0,0,0,0,0,0,242,7628,16089,6187,0,0,,,,,,,,,,,,,,,,,,,0,0,,,,,,,,,,,,,,,,,,,,,,,,,,,,,,,,,,,,,653.05,0,242,193.07
CA0200ZZ,1/1/2007 0:00,1/1/2007,1/31/2007,Jan,,,,,,,,,200886,22936,0,0,0,0,0,0,0,0,287,9028,14544,5593,0,0,,,,,,,,,,,,,,,,,,,0,0,,,,,,,,,,,,,,,,,,,,,,,,,,,,,,,,,,,,,685.62,0,287,174.53
CA0200ZZ,2/1/2007 0:00,2/1/2007,2/28/2007,Feb,,,,,,,,,199139,26409,0,0,0,0,0,0,0,0,220,6932,11169,4295,0,0,,,,,,,,,,,,,,,,,,,0,0,,,,,,,,,,,,,,,,,,,,,,,,,,,,,,,,,,,,,679.66,0,220,134.03
CA0200ZZ,3/1/2007 0:00,3/1/2007,3/31/2007,Mar,,,,,,,,,185553,23421,0,0,0,0,0,0,0,0,156,4915,24117,9274,0,0,,,,,,,,,,,,,,,,,,,0,0,,,,,,,,,,,,,,,,,,,,,,,,,,,,,,,,,,,,,633.29,0,156,289.4
MI0724SB,3/1/2007 0:00,3/1/2007,3/31/2007,Mar,,,,,,,,,163088,4648,0,0,537000,5117,0,0,0,0,0,0,0,0,0,0,,,,,,,,,,,,,,,,,,,0,0,,,,,,,,,,,,,,,,,,,,,,,,,,,,,,,,,,,,,556.62,53.7,0,0
MI0724SB,2/1/2007 0:00,2/1/2007,2/28/2007,Feb,,,,,,,,,162497,4865,0,0,703900,6174,0,0,0,0,0,0,0,0,0,0,,,,,,,,,,,,,,,,,,,0,0,,,,,,,,,,,,,,,,,,,,,,,,,,,,,,,,,,,,,554.6,70.39,0,0
MI0724SB,1/1/2007 0:00,1/1/2007,1/31/2007,Jan,,,,,,,,,175900,4955,0,0,954400,9061,0,0,0,0,0,0,0,0,0,0,,,,,,,,,,,,,,,,,,,0,0,,,,,,,,,,,,,,,,,,,,,,,,,,,,,,,,,,,,,600.35,95.44,0,0
MI0724SB,12/1/2006 0:00,12/1/2006,12/31/2006,Dec,,,,,,,,,170663,4933,0,0,370400,3518,0,0,0,0,0,0,0,0,0,0,,,,,,,,,,,,,,,,,,,0,0,,,,,,,,,,,,,,,,,,,,,,,,,,,,,,,,,,,,,582.47,37.04,0,0
MI0724SB,11/1/2006 0:00,11/1/2006,11/30/2006,Nov,,,,,,,,,139766,4203,0,0,428400,4065,0,0,0,0,0,0,0,0,0,0,,,,,,,,,,,,,,,,,,,0,0,,,,,,,,,,,,,,,,,,,,,,,,,,,,,,,,,,,,,477.02,42.84,0,0
MI0724SB,10/1/2006 0:00,10/1/2006,10/31/2006,Oct,,,,,,,,,154375,4755,0,0,301000,2862,0,0,0,0,0,0,0,0,0,0,,,,,,,,,,,,,,,,,,,0,0,,,,,,,,,,,,,,,,,,,,,,,,,,,,,,,,,,,,,526.88,30.1,0,0
MI0724SB,9/1/2006 0:00,9/1/2006,9/30/2006,Sep,,,,,,,,,147900,4687,0,0,97200,1035,0,0,0,0,0,0,0,0,0,0,,,,,,,,,,,,,,,,,,,0,0,,,,,,,,,,,,,,,,,,,,,,,,,,,,,,,,,,,,,504.78,9.72,0,0
MI0724SB,8/1/2006 0:00,8/1/2006,8/31/2006,Aug,,,,,,,,,165561,6029,0,0,43400,473,0,0,0,0,0,0,0,0,0,0,,,,,,,,,,,,,,,,,,,0,0,,,,,,,,,,,,,,,,,,,,,,,,,,,,,,,,,,,,,565.06,4.34,0,0
MI0724SB,7/1/2006 0:00,7/1/2006,7/31/2006,Jul,,,,,,,,,180099,6247,0,0,18200,21,0,0,0,0,0,0,0,0,0,0,,,,,,,,,,,,,,,,,,,0,0,,,,,,,,,,,,,,,,,,,,,,,,,,,,,,,,,,,,,614.68,1.82,0,0
MI0724SB,6/1/2006 0:00,6/1/2006,6/30/2006,Jun,,,,,,,,,159357,5146,0,0,72700,779,0,0,0,0,0,0,0,0,0,0,,,,,,,,,,,,,,,,,,,0,0,,,,,,,,,,,,,,,,,,,,,,,,,,,,,,,,,,,,,543.89,7.27,0,0
MI0724SB,5/1/2006 0:00,5/1/2006,5/31/2006,May,,,,,,,,,154618,5348,0,0,166700,1836,0,0,0,0,0,0,0,0,0,0,,,,,,,,,,,,,,,,,,,0,0,,,,,,,,,,,,,,,,,,,,,,,,,,,,,,,,,,,,,527.71,16.67,0,0
MI0724SB,4/1/2006 0:00,4/1/2006,4/30/2006,Apr,,,,,,,,,143892,4546,0,0,289100,3169,0,0,0,0,0,0,0,0,0,0,,,,,,,,,,,,,,,,,,,0,0,,,,,,,,,,,,,,,,,,,,,,,,,,,,,,,,,,,,,491.1,28.91,0,0
TN0076ZZ,10/8/2007 13:40,4/1/2006,4/30/2006,Apr,213943,1080.52,,,,,,,144720,11214,0,0,129600,1816,0,0,0,0,0,0,0,0,0,0,,,,,,,,,,,,,,,,,,,0,0,,,,,,,,,,,,,,,,,,,,,,,,,,,,,2884,,,,,,,,493.93,12.96,0,0
TN0076ZZ,10/8/2007 13:41,5/1/2006,5/31/2006,May,224416,1099.4,,,,,,,149760,11312,0,0,45300,644,0,0,0,0,0,0,0,0,0,0,,,,,,,,,,,,,,,,,,,0,0,,,,,,,,,,,,,,,,,,,,,,,,,,,,,6328,,,,,,,,511.13,4.53,0,0
TN0076ZZ,10/8/2007 13:43,6/1/2006,6/30/2006,Jun,291740,1355.2,,,,,,,177120,13207,0,0,2400,41,0,0,0,0,0,0,0,0,0,0,,,,,,,,,,,,,,,,,,,0,0,,,,,,,,,,,,,,,,,,,,,,,,,,,,,0,,,,,,,,604.51,0.24,0,0
TN0076ZZ,10/8/2007 13:43,7/1/2006,7/31/2006,Jul,273039,1648.88,,,,,,,174240,12978,0,0,0,5,0,0,0,0,0,0,0,0,0,0,,,,,,,,,,,,,,,,,,,0,0,,,,,,,,,,,,,,,,,,,,,,,,,,,,,1526,,,,,,,,594.68,0,0,0
TN0076ZZ,10/8/2007 13:43,8/1/2006,8/31/2006,Aug,230400,1595.9,,,,,,,179280,13733,0,0,0,5,0,0,0,0,0,0,0,0,0,0,,,,,,,,,,,,,,,,,,,0,0,,,,,,,,,,,,,,,,,,,,,,,,,,,,,8806,,,,,,,,611.88,0,0,0
TN0076ZZ,10/8/2007 13:44,9/1/2006,9/30/2006,Sep,171304,1438.17,,,,,,,175680,13241,0,0,6500,104,0,0,0,0,0,0,0,0,0,0,,,,,,,,,,,,,,,,,,,0,0,,,,,,,,,,,,,,,,,,,,,,,,,,,,,0,,,,,,,,599.6,0.65,0,0
TN0076ZZ,10/8/2007 13:44,10/1/2006,10/31/2006,Oct,127169,1223.78,,,,,,,140400,10517,0,0,90500,1234,0,0,0,0,0,0,0,0,0,0,,,,,,,,,,,,,,,,,,,0,0,,,,,,,,,,,,,,,,,,,,,,,,,,,,226,8848,,,,,,,,479.19,9.05,0,0
TN0076ZZ,10/8/2007 13:44,11/1/2006,11/30/2006,Nov,97247,1014.18,,,,,,,142440,10485,0,0,222100,2900,0,0,0,0,0,0,0,0,0,0,,,,,,,,,,,,,,,,,,,0,0,,,,,,,,,,,,,,,,,,,,,,,,,,,,,3185,,,,,,,,486.15,22.21,0,0
TN0076ZZ,10/8/2007 13:44,12/1/2006,12/31/2006,Dec,95003,980.91,,,,,,,144720,10645,0,0,298800,4125,0,0,0,0,0,0,0,0,0,0,,,,,,,,,,,,,,,,,,,0,0,,,,,,,,,,,,,,,,,,,,,,,,,,,,610,3612,,,,,,,,493.93,29.88,0,0
TN0076ZZ,10/8/2007 13:45,1/1/2007,1/31/2007,Jan,109964,1288.15,,,,,,,143280,10515,0,0,357100,5027,0,0,0,0,0,0,0,0,0,0,,,,,,,,,,,,,,,,,,,0,0,,,,,,,,,,,,,,,,,,,,,,,,,,,,,2814,,,,,,,,489.01,35.71,0,0
TN0076ZZ,10/8/2007 13:45,2/1/2007,2/28/2007,Feb,92758,1274.71,,,,,,,159840,11158,0,0,527300,7143,0,0,0,0,0,0,0,0,0,0,,,,,,,,,,,,,,,,,,,0,0,,,,,,,,,,,,,,,,,,,,,,,,,,,,,0,,,,,,,,545.53,52.73,0,0
TN0076ZZ,10/8/2007 13:45,3/1/2007,3/31/2007,Mar,100239,1302.55,,,,,,,135360,10298,0,0,197900,2834,0,0,0,0,0,0,0,0,0,0,,,,,,,,,,,,,,,,,,,0,0,,,,,,,,,,,,,,,,,,,,,,,,,,,,71,2688,,,,,,,,461.98,19.79,0,0
CO1923ZZ,10/8/2007 16:04,1/1/2006,1/31/2006,Jan,37000,186.92,,,,,,86.95,164868,13526.47,,,404700,4749.43,,,,,,,,,,,,,,,,,,,,,,,,,,,,,405,5090.85,,,,,,,,,,,,,,,,,,,,,,,,,,,,,,,,,,,,,562.69,40.47,0,0
CO1923ZZ,10/8/2007 16:04,2/1/2006,2/28/2006,Feb,34000,107.44,,,,,,79.9,145775,12951.56,,,313900,4000.79,,,,,,,,,,,,,,,,,,,,,,,,,,,,,144,5543.37,,,,,,,,,,,,,,,,,,,,,,,,,,,,,,,,,,,,,497.53,31.39,0,0
CO1923ZZ,10/8/2007 16:04,3/1/2006,3/31/2006,Mar,47000,148.52,,,,,,110.45,147576,12459.33,,,320100,3409.08,,,,,,,,,,,,,,,,,,,,,,,,,,,,,399,5015.43,,,,,,,,,,,,,,,,,,,,,,,,,,,,,,,,,,,,,503.68,32.01,0,0
CO1923ZZ,10/8/2007 16:04,4/1/2006,4/30/2006,Apr,138000,436.08,,,,,,324.3,150131,12614.62,,,258700,2411.95,,,,,,,,,,,,,,,,,,,,,,,,,,,,,398,5002.86,,,,,,,,,,,,,,,,,,,,,,,,,,,,,,,,,,,,,512.4,25.87,0,0
CO1923ZZ,10/8/2007 16:05,5/1/2006,5/31/2006,May,236000,745.76,,,,,,554.6,157170,13409.99,,,114700,958.47,,,,,,,,,,,,,,,,,,,,,,,,,,,,,447,5618.79,,,1,,,,,,,,,,,,,,,,,,,,,,,,,,,,,,,,,,536.42,11.47,0,0
CO1923ZZ,10/8/2007 16:05,6/1/2006,6/30/2006,Jun,1050000,3318,,,,,,2467.5,172385,14829.77,,,62900,516.8,,,,,,,,,,,,,,,,,,,,,,,,,,,,,543,6975.02,,,2,,,,,,,,,,,,,,,,,,,,,,,,,,,,,,,,,,588.35,6.29,0,0
CO1923ZZ,10/8/2007 16:05,7/1/2006,7/31/2006,Jul,831000,2625.96,,,,,,58.75,180388,16854.7,,,37200,292.25,,,,,,,,,,,,,,,,,,,,,,,,,,,,,619,8511.25,,,1,,,,,,,,,,,,,,,,,,,,,,,,,,,,,,,,,,615.66,3.72,0,0
CO1923ZZ,10/8/2007 16:06,8/1/2006,8/31/2006,Aug,925000,2923,,,,,,58.75,194340,17165.65,,,32200,218.04,,,,,,,,,,,,,,,,,,,,,,,,,,,,,604,8305,,,2,,,,,,,,,,,,,,,,,,,,,,,,,,,,,,,,,,663.28,3.22,0,0
CO1923ZZ,10/8/2007 16:06,9/1/2006,9/30/2006,Sep,620000,1959.2,,,,,,58.75,181467,15200.85,,,44600,323.6,,,,,,,,,,,,,,,,,,,,,,,,,,,,,518,7122.5,,,1,,,,,,,,,,,,,,,,,,,,,,,,,,,,,,,,,,619.35,4.46,0,0
CO1923ZZ,10/8/2007 16:06,10/1/2006,10/31/2006,Oct,190000,600.4,,,,,,58.75,158270,13620,,,82200,624.9,,,,,,,,,,,,,,,,,,,,,,,,,,,,,479,6488.8,,,2,,,,,,,,,,,,,,,,,,,,,,,,,,,,,,,,,,540.18,8.22,0,0
CO1923ZZ,10/8/2007 16:07,11/1/2006,11/30/2006,Nov,93000,293.88,,,,,,58.75,149510,11738.1,,,186500,1069.4,,,,,,,,,,,,,,,,,,,,,,,,,,,,,405,5090.85,,,2,,,,,,,,,,,,,,,,,,,,,,,,,,,,,,,,,,510.28,18.65,0,0
CO1923ZZ,10/8/2007 16:07,12/1/2006,12/31/2006,Dec,26000,82.16,,,,,,61.1,165334,11865.94,,,292400,2197.6,,,,,,,,,,,,,,,,,,,,,,,,,,,,,376,4726.32,,,1,,,,,,,,,,,,,,,,,,,,,,,,,,,,,,,,,,564.28,29.24,0,0
CO1923ZZ,10/8/2007 16:07,1/1/2007,1/31/2007,Jan,74000,550.73,,,,,,61.1,164868,13526.47,,,397400,3196.74,,,,,,,,,,,,,,,,,,,,,,,,,,,,,473,5423.48,,,,,,,,,,,,,,,,,,,,,,,,,,,,,,,,,,,,,562.69,39.74,0,0
CO1923ZZ,10/8/2007 16:08,2/1/2007,2/28/2007,Feb,55000,243.8,,,,,,61.1,146484,13408.83,,,468700,3621.88,,,,,,,,,,,,,,,,,,,,,,,,,,,,,461,3872.4,,,2,,,,,,,,,,,,,,,,,,,,,,,,,,,,,,,,,,499.95,46.87,0,0
CO1923ZZ,10/8/2007 16:08,3/1/2007,3/31/2007,Mar,102000,392.32,,,,,,61.1,146997,12488.7,,,308800,2505.55,,,,,,,,,,,,,,,,,,,,,,,,,,,,,401,3368.4,,,6,,,,,,,,,,,,,,,,,,,,,,,,,,,,,,,,,,501.7,30.88,0,0
CO1923ZZ,10/8/2007 16:09,4/1/2007,4/30/2007,Apr,,,,,,,,,166112,15035.73,,,197800,1510.64,,,,,,,,,,,,,,,,,,,,,,,,,,,,,521,4376.4,,,5,,,,,,,,,,,,,,,,,,,,,,,,,,,,,,,,,,566.94,19.78,0,0
NE0036ZZ,6/27/2007 11:38,10/4/2004,11/3/2004,Oct,87522,112.76,,,,,,78.08,,,,,,,,,,,,,,,,,,,,,,,,,,,,,,,,,,,,,,,,,,,,,,,,,,,,,,,,,,,,,,,,,,,,,,,,,0,0,0,0
NE0036ZZ,6/27/2007 11:39,11/3/2004,12/6/2004,Nov,68073,94.69,,,,,,62.19,,,,,,,,,,,,,,,,,,,,,,,,,,,,,,,,,,,,,,,,,,,,,,,,,,,,,,,,,,,,,,,,,,,,,,,,,0,0,0,0
NE0036ZZ,10/26/2007 14:26,12/6/2004,1/5/2005,Dec,90514,115.54,,,,,,80.52,,,,,,,,,,,,,,,,,,,,,,,,,,,,,,,,,,,,,,,,,,,,,,,,,,,,,,,,,,,,,,,,,,,,,,,,,0,0,0,0
NE0036ZZ,6/27/2007 12:28,1/5/2005,2/4/2005,Jan,103979,128.05,,,,,,91.52,,,,,,,,,,,,,,,,,,,,,,,,,,,,,,,,,,,,,,,,,,,,,,,,,,,,,,,,,,,,,,,,,,,,,,,,,0,0,0,0
NE0036ZZ,6/27/2007 12:29,2/4/2005,3/9/2005,Feb,94255,119.01,,,,,,83.58,,,,,,,,,,,,,,,,,,,,,,,,,,,,,,,,,,,,,,,,,,,,,,,,,,,,,,,,,,,,,,,,,,,,,,,,,0,0,0,0
NE0036ZZ,6/27/2007 12:39,3/9/2005,4/6/2005,Mar,105475,129.44,,,,,,92.74,,,,,,,,,,,,,,,,,,,,,,,,,,,,,,,,,,,,,,,,,,,,,,,,,,,,,,,,,,,,,,,,,,,,,,,,,0,0,0,0
NE0036ZZ,6/27/2007 12:32,4/6/2005,5/6/2005,Apr,87522,112.76,,,,,,78.08,,,,,,,,,,,,,,,,,,,,,,,,,,,,,,,,,,,,,,,,,,,,,,,,,,,,,,,,,,,,,,,,,,,,,,,,,0,0,0,0
NE0036ZZ,6/27/2007 12:34,5/6/2005,6/7/2005,May,68073,116.16,,,,,,62.19,,,,,,,,,,,,,,,,,,,,,,,,,,,,,,,,,,,,,,,,,,,,,,,,,,,,,,,,,,,,,,,,,,,,,,,,,0,0,0,0
NE0036ZZ,6/27/2007 12:35,6/7/2005,7/6/2005,Jun,80790,131.99,,,,,,72.58,,,,,,,,,,,,,,,,,,,,,,,,,,,,,,,,,,,,,,,,,,,,,,,,,,,,,,,,,,,,,,,,,,,,,,,,,0,0,0,0
NE0036ZZ,6/27/2007 12:36,7/6/2005,8/5/2005,Jul,75553,125.47,,,,,,68.3,,,,,,,,,,,,,,,,,,,,,,,,,,,,,,,,,,,,,,,,,,,,,,,,,,,,,,,,,,,,,,,,,,,,,,,,,0,0,0,0
NE0036ZZ,6/27/2007 12:37,8/5/2005,9/6/2005,Aug,65081,112.44,,,,,,59.75,,,,,,,,,,,,,,,,,,,,,,,,,,,,,,,,,,,,,,,,,,,,,,,,,,,,,,,,,,,,,,,,,,,,,,,,,0,0,0,0
NE0036ZZ,6/27/2007 12:39,9/6/2005,10/4/2005,Sep,86026,138.51,,,,,,76.86,,,,,,,,,,,,,,,,,,,,,,,,,,,,,,,,,,,,,,,,,,,,,,,,,,,,,,,,,,,,,,,,,,,,,,,,,0,0,0,0
NE0036ZZ,6/27/2007 12:40,10/4/2005,11/3/2005,Oct,79294,105.11,,,,,,71.36,,,,,,,,,,,,,,,,,,,,,,,,,,,,,,,,,,,,,,,,,,,,,,,,,,,,,,,,,,,,,,,,,,,,,,,,,0,0,0,0
NE0036ZZ,6/27/2007 12:41,11/3/2005,12/6/2005,Nov,105475,129.44,,,,,,92.74,,,,,,,,,,,,,,,,,,,,,,,,,,,,,,,,,,,,,,,,,,,,,,,,,,,,,,,,,,,,,,,,,,,,,,,,,0,0,0,0
NE0036ZZ,6/27/2007 12:43,12/6/2005,1/6/2006,Dec,94255,119.01,,,,,,83.58,,,,,,,,,,,,,,,,,,,,,,,,,,,,,,,,,,,,,,,,,,,,,,,,,,,,,,,,,,,,,,,,,,,,,,,,,0,0,0,0
NE0036ZZ,6/27/2007 12:44,1/6/2006,2/7/2006,Jan,97995,137.56,,,,,,86.63,,,,,,,,,,,,,,,,,,,,,,,,,,,,,,,,,,,,,,,,,,,,,,,,,,,,,,,,,,,,,,,,,,,,,,,,,0,0,0,0
NE0036ZZ,10/26/2007 14:27,2/7/2006,3/9/2006,Feb,91262,130.99,,,,,,81.13,,,,,,,,,,,,,,,,,,,,,,,,,,,,,,,,,,,,,,,,,,,,,,,,,,,,,,,,,,,,,,,,,,,,,,,,,0,0,0,0
NE0036ZZ,6/27/2007 12:46,3/9/2006,4/6/2006,Mar,92010,131.72,,,,,,81.74,,,,,,,,,,,,,,,,,,,,,,,,,,,,,,,,,,,,,,,,,,,,,,,,,,,,,,,,,,,,,,,,,,,,,,,,,0,0,0,0
NE0036ZZ,6/27/2007 12:48,4/6/2006,5/5/2006,Apr,80042,120.04,,,,,,71.97,,,,,,,,,,,,,,,,,,,,,,,,,,,,,,,,,,,,,,,,,,,,,,,,,,,,,,,,,,,,,,,,,,,,,,,,,0,0,0,0
NE0036ZZ,6/27/2007 12:49,5/5/2006,6/7/2006,May,83782,151.47,,,,,,75.02,,,,,,,,,,,,,,,,,,,,,,,,,,,,,,,,,,,,,,,,,,,,,,,,,,,,,,,,,,,,,,,,,,,,,,,,,0,0,0,0
NE0036ZZ,6/27/2007 12:50,6/7/2006,7/7/2006,Jun,72561,136.8,,,,,,65.86,,,,,,,,,,,,,,,,,,,,,,,,,,,,,,,,,,,,,,,,,,,,,,,,,,,,,,,,,,,,,,,,,,,,,,,,,0,0,0,0
NE0036ZZ,6/27/2007 12:51,7/7/2006,8/7/2006,Jul,72561,136.8,,,,,,65.86,,,,,,,,,,,,,,,,,,,,,,,,,,,,,,,,,,,,,,,,,,,,,,,,,,,,,,,,,,,,,,,,,,,,,,,,,0,0,0,0
NE0036ZZ,6/27/2007 12:52,8/7/2006,9/6/2006,Aug,71065,134.84,,,,,,64.64,,,,,,,,,,,,,,,,,,,,,,,,,,,,,,,,,,,,,,,,,,,,,,,,,,,,,,,,,,,,,,,,,,,,,,,,,0,0,0,0
NE0036ZZ,6/27/2007 12:53,9/6/2006,10/5/2006,Sep,74057,138.75,,,,,,67.08,,,,,,,,,,,,,,,,,,,,,,,,,,,,,,,,,,,,,,,,,,,,,,,,,,,,,,,,,,,,,,,,,,,,,,,,,0,0,0,0
NE0036ZZ,6/27/2007 12:56,10/5/2006,11/3/2006,Oct,79294,119.31,,,,,,71.36,,,,,,,,,,,,,,,,,,,,,,,,,,,,,,,,,,,,,,,,,,,,,,,,,,,,,,,,,,,,,,,,,,,,,,,,,0,0,0,0
NE0036ZZ,6/27/2007 12:57,11/3/2006,12/6/2006,Nov,96499,136.1,,,,,,85.41,,,,,,,,,,,,,,,,,,,,,,,,,,,,,,,,,,,,,,,,,,,,,,,,,,,,,,,,,,,,,,,,,,,,,,,,,0,0,0,0
NE0036ZZ,6/27/2007 12:58,12/6/2006,1/5/2007,Dec,83034,122.96,,,,,,84.02,,,,,,,,,,,,,,,,,,,,,,,,,,,,,,,,,,,,,,,,,,,,,,,,,,,,,,,,,,,,,,,,,,,,,,,,,0,0,0,0
NE0036ZZ,6/27/2007 12:59,1/5/2007,2/2/2007,Jan,86026,132.23,,,,,,84.68,,,,,,,,,,,,,,,,,,,,,,,,,,,,,,,,,,,,,,,,,,,,,,,,,,,,,,,,,,,,,,,,,,,,,,,,,0,0,0,0
UT1434ZZ,10/23/2007 12:04,1/1/2006,1/31/2006,Jan,,,,,,,,,,,,,,,,,,,,,,,,,,,,,,,,,,,,,,,,,,,,,2695.17,3143.94,,,,9919.61,,239.85,,,327.6,,,,,,,,,,1274.04,,,,3212.95,,,,10617,,,,,,,,0,0,0,0
UT1434ZZ,10/23/2007 12:05,2/1/2006,2/28/2006,Feb,,,,,,,,,,,,,,,,,,,,,,,,,,,,,,,,,,,,,,,,,,,,,1469.61,1242.36,,,,9953.07,,305.03,,,328.16,,,,,,,,,,1158.84,,,3212.95,,,,,9657,,,,,,,,0,0,0,0
UT1434ZZ,10/23/2007 12:05,3/1/2006,3/31/2006,Mar,,,,,,,,,,,,,,,,,,,,,,,,,,,,,,,,,,,,,,,,,,,,,1055.42,1723.22,,,,11125.97,,0,,,332.63,,,,,,,,,,1392.72,,,3212.95,,,,,11606,,,,,,,,0,0,0,0
UT1434ZZ,10/23/2007 12:06,4/1/2006,4/30/2006,Apr,,,,,,,,,,,,,,,,,,,,,,,,,,,,,,,,,,,,,,,,,,,,,3566.86,630.06,,,,10745.36,,2558.44,,,330.8,,,,,,,,,,1045.56,,,3212.95,,,,,8713,,,,,,,,0,0,0,0
UT1434ZZ,10/23/2007 12:06,5/1/2006,5/31/2006,May,,,,,,,,,,,,,,,,,,,,,,,,,,,,,,,,,,,,,,,,,,,,,1800.66,589.36,,,,12703.61,,116.34,,,330.8,,,,,,,,,,1168.08,,,3212.95,,,,,9734,,,,,,,,0,0,0,0
UT1434ZZ,10/23/2007 12:07,6/1/2006,6/30/2006,Jun,,,,,,,,,,,,,,,,,,,,,,,,,,,,,,,,,,,,,,,,,,,,,1456.2,744.04,,,,10278.38,,0,,,337.82,,,,,,,,,,1320.48,,,3212.95,,,,,11004,,,,,,,,0,0,0,0
UT1434ZZ,10/23/2007 12:07,7/1/2006,7/31/2006,Jul,,,,,,,,,,,,,,,,,,,,,,,,,,,,,,,,,,,,,,,,,,,,,2705.97,602.72,,,,9731.19,,217.63,,,349.31,,,,,,,,,,1623.84,,,3212.95,,,,,13532,,,,,,,,0,0,0,0
UT1434ZZ,10/23/2007 12:08,8/1/2006,8/31/2006,Aug,,,,,,,,,,,,,,,,,,,,,,,,,,,,,,,,,,,,,,,,,,,,,1545.66,2422.81,,,,10514.86,,0,,,345.35,,,,,,,,,,2319.48,,,3212.95,,,,,19329,,,,,,,,0,0,0,0
UT1434ZZ,10/23/2007 12:08,9/1/2006,9/30/2006,Sep,,,,,,,,,,,,,,,,,,,,,,,,,,,,,,,,,,,,,,,,,,,,,1096.47,423.74,,,,10965.31,,0,,,227.48,,,,,,,,,,1519.92,,,3226.46,,,,,12666,,,,,,,,0,0,0,0
UT1434ZZ,10/23/2007 12:27,10/1/2006,10/31/2006,Oct,,,,,,,,,,,,,,,,,,,,,,,,,,,,,,,,,,,,,,,,,,,,,1029.47,1719.9,,,,10447.97,,0,,,345.02,,,,,,,,,,1109.04,,,3212.95,,,,,9242,,,,,,,,0,0,0,0
UT1434ZZ,10/23/2007 12:27,11/1/2006,11/30/2006,Nov,,,,,,,,,,,,,,,,,,,,,,,,,,,,,,,,,,,,,,,,,,,,,1545.66,2473.12,,,,8471.7,,79.63,,,341.39,,,,,,,,,,1127.52,,,3212.95,,,,,9396,,,,,,,,0,0,0,0
UT1434ZZ,10/23/2007 12:29,12/1/2006,12/31/2006,Dec,,,,,,,,,,,,,,,,,,,,,,,,,,,,,,,,,,,,,,,,,,,,,279.47,3105.98,,,,11035.22,,66.63,,,343.38,,,,,,,,,,1021.2,,,3212.95,,,,,8510,,,,,,,,0,0,0,0
CO1923ZZ,10/8/2007 15:58,1/1/2005,1/31/2005,Jan,34000,142,,,,,,79.9,161560,12187.83,,,551500,4912.76,,,,,,,,,,,,,,,,,,,,,,,,,,,,,384,5296,,,,,,,,,,,,,,,,,,,,,,,,,,,,,,,,,,,,,551.4,55.15,0,0
CO1923ZZ,10/8/2007 16:00,5/1/2005,5/31/2005,May,166000,538,,,,,,390.1,155476,12379.7,,,280400,231.97,,,,,,,,,,,,,,,,,,,,,,,,,,,,,436,5471.8,,,,,,,,,,,,,,,,,,,,,,,,,,,,,,,,,,,,,530.64,28.04,0,0
CO1923ZZ,10/8/2007 16:00,6/1/2005,6/30/2005,Jun,244000,772,,,,,,573.4,159693,13693.34,,,0,0,,,,,,,,,,,,,,,,,,,,,,,,,,,,,505,6499.35,,,,,,,,,,,,,,,,,,,,,,,,,,,,,,,,,,,,,545.03,0,0,0
CO1923ZZ,10/14/2007 19:32,7/1/2005,7/31/2005,Jul,315000,995,,,,,,740.25,166036,14752.07,,,65900,841.66,,,,,,,,,,,,,,,,,,,,,,,,,,,,,525,7218.75,,,,,,,,,,,,,,,,,,,,,,,,,,,,,,,,,,,,,566.68,6.59,0,0
CO1923ZZ,10/8/2007 16:01,8/1/2005,8/31/2005,Aug,306000,958,,,,,,719,184850,15805.97,,,13700,140.2,,,,,,,,,,,,,,,,,,,,,,,,,,,,,553,7603.75,,,,,,,,,,,,,,,,,,,,,,,,,,,,,,,,,,,,,630.89,1.37,0,0
CO1923ZZ,10/8/2007 16:02,9/1/2005,9/30/2005,Sep,204000,652,,,,,,479,172636,14814.19,,,27400,285.64,,,,,,,,,,,,,,,,,,,,,,,,,,,,,518,7122.5,,,,,,,,,,,,,,,,,,,,,,,,,,,,,,,,,,,,,589.21,2.74,0,0
CO1923ZZ,10/8/2007 16:02,10/1/2005,10/31/2005,Oct,75000,265,,,,,,176.25,158168,14519.12,,,57500,638.95,,,,,,,,,,,,,,,,,,,,,,,,,,,,,538,7266.16,,,,,,,,,,,,,,,,,,,,,,,,,,,,,,,,,,,,,539.83,5.75,0,0
CO1923ZZ,9/13/2007 0:38,11/1/2005,11/30/2005,Nov,32000,136,,,,,,75.2,149313,13162.6,,,,,,,,,,,,,,,,,,,,,,,,,,,,,,,,,490,6159.3,,,,,,,,,,,,,,,,,,,,,,,,,,,,,,,,,,,,,509.61,0,0,0
CO1923ZZ,10/8/2007 16:03,12/1/2005,12/31/2005,Dec,26000,152.16,,,,,,61.1,161596,15589,,,314500,3885.6,,,,,,,,,,,,,,,,,,,,,,,,,,,,,530,6662.1,,,,,,,,,,,,,,,,,,,,,,,,,,,,,,,,,,,,,551.53,31.45,0,0
CO1923ZZ,10/8/2007 15:59,2/1/2005,2/28/2005,Feb,27000,121,,,,,,63.45,147273,13729.22,,,418400,3585.03,,,,,,,,,,,,,,,,,,,,,,,,,,,,,540,6777.5,,,,,,,,,,,,,,,,,,,,,,,,,,,,,,,,,,,,,502.64,41.84,0,0
CO1923ZZ,10/8/2007 15:59,3/1/2005,3/31/2005,Mar,30000,130,,,,,,70.5,143832,11940.94,,,310700,2539.28,,,,,,,,,,,,,,,,,,,,,,,,,,,,,407,5296.1,,,,,,,,,,,,,,,,,,,,,,,,,,,,,,,,,,,,,490.9,31.07,0,0
CO1923ZZ,10/8/2007 16:00,4/1/2005,4/30/2005,Apr,64000,232,,,,,,150.4,152698,13376.37,,,0,0,,,,,,,,,,,,,,,,,,,,,,,,,,,,,504,6325.2,,,,,,,,,,,,,,,,,,,,,,,,,,,,,,,,,,,,,521.16,0,0,0
IA0027ZZ,5/22/2006 10:10,3/24/2006,4/26/2006,Mar,45750,240.14,,,,,,107.14,,,,,,,,,,,,,,,,,,,,,,,,,,,,,,,,,,,,,,,,,,,,,,,,,,,,,,,,,,,,,,,,,,,,,,,,,0,0,0,0
IA0027ZZ,4/18/2006 10:09,2/22/2006,3/24/2006,Feb,9750,140.52,,,,,,10.36,,,,,,,,,,,,,,,,,,,,,,,,,,,,,,,,,,,,,,,,,,,,,,,,,,,,,,,,,,,,,,,,,,,,,,,,,0,0,0,0
IA0027ZZ,3/20/2006 10:56,1/23/2006,2/22/2006,Jan,4500,123.21,,,,,,54.06,,,,,,,,,,,,,,,,,,,,,,,,,,,,,,,,,,,,,,,,,,,,,,,,,,,,,,,,,,,,,,,,,,,,,,,,,0,0,0,0
IA0027ZZ,2/15/2006 10:06,12/21/2005,1/23/2006,Dec,4500,123.2,,,,,,14.63,,,,,,,,,,,,,,,,,,,,,,,,,,,,,,,,,,,,,,,,,,,,,,,,,,,,,,,,,,,,,,,,,,,,,,,,,0,0,0,0
IA0027ZZ,1/12/2006 10:05,11/22/2005,12/21/2005,Nov,3000,118.26,,,,,,25.74,,,,,,,,,,,,,,,,,,,,,,,,,,,,,,,,,,,,,,,,,,,,,,,,,,,,,,,,,,,,,,,,,,,,,,,,,0,0,0,0
OH0033ZZ,6/1/2006 9:11,3/2/2006,6/1/2006,Mar,154098.7,373.66,,,,,,,,,,,,,,,,,,,,,,,,,,,,,,,,,,,,,,,,,,,,,,,,,,,,,,,,,,,,,,,,,,,,,,,,,,,,,,,0,0,0,0
OH0033ZZ,12/1/2006 9:15,9/8/2006,12/1/2006,Sep,118192.2,284.29,,,,,,,,,,,,,,,,,,,,,,,,,,,,,,,,,,,,,,,,,,,,,,,,,,,,,,,,,,,,,,,,,,,,,,,,,,,,,,,0,0,0,0
OH0033ZZ,7/18/2007 9:18,6/1/2006,9/8/2006,Jun,127168.8,306.63,,,,,,,,,,,,,,,,,,,,,,,,,,,,,,,,,,,,,,,,,,,,,,,,,,,,,,,,,,,,,,,,,,,,,,,,,,,,,,,0,0,0,0
OH0033ZZ,9/13/2005 9:20,6/1/2005,9/13/2005,Jun,131657.14,317.8,,,,,,,,,,,,,,,,,,,,,,,,,,,,,,,,,,,,,,,,,,,,,,,,,,,,,,,,,,,,,,,,,,,,,,,,,,,,,,,0,0,0,0
OH0033ZZ,7/18/2007 9:24,3/2/2005,6/1/2005,Mar,92758.4,220.98,,,,,,,,,,,,,,,,,,,,,,,,,,,,,,,,,,,,,,,,,,,,,,,,,,,,,,,,,,,,,,,,,,,,,,,,,,,,,,,0,0,0,0
IA0027ZZ,11/16/2005 10:01,9/26/2005,10/25/2005,Sep,45750,256.14,,,,,,304.51,,,,,,,,,,,,,,,,,,,,,,,,,,,,,,,,,,,,,,,,,,,,,,,,,,,,,,,,,,,,,,,,,,,,,,,,,0,0,0,0
IA0027ZZ,10/14/2007 19:26,10/25/2005,11/22/2005,Oct,6750,130.62,,,,,,,,,,,,,,,,,,,,,,,,,,,,,,,,,,,,,,,,,,,,,,,,,,,,,,,,,,,,,,,,,,,,,,,,,,,,,,,0,0,0,0
OH0033ZZ,7/18/2007 9:09,12/1/2006,3/2/2007,Dec,138389.6,365.04,,,,,,,,,,,,,,,,,,,,,,,,,,,,,,,,,,,,,,,,,,,,,,,,,,,,,,,,,,,,,,,,,,,,,,,,,,,,,,,0,0,0,0
NE0036ZZ,10/23/2007 11:52,1/1/2006,1/1/2007,Jan,,,,,,,,,,,,,,,,,,,,,,,,,,,,,,,,,,,,,,,,,,,,,385327.32,,,,,428700.24,,28227.06,,,6107.52,,,,,,,,,,360,,,,,,,,2400,,,,88080,,,,0,0,0,0
NE1430ZZ,10/26/2007 14:55,1/1/2006,12/31/2006,Jan,,,,,,,,,,,,,,,,,,,,,,,,,,,,,,,,,,,,,,,,,,,,,,,150,240,,70800,,8200,,500,2400,,,,,,,,,1940,0,,,,,,,,47064.4,,,,225000,,,,0,0,0,0
CO1923ZZ,10/26/2007 14:55,5/1/2006,4/30/2007,May,,,,,,,,,,,,,,,,,,,,,,,,,,,,,,,,,,,,,,,,,,,,,87600,16044,,,,83220,,7394,,1662.72,3600,,,,,,,,,16835.04,,,,,,,,,408418,,,,748224,,528,,0,0,0,0
UT1434ZZ,5/23/2006 0:00,5/23/2006,6/18/2007,May,,,,,,,,,,,,,,,,,,,,,,,,,,,,,,,,,,,,,,,,,,,,,,,148,,,,,,,,,,,,,,,,,,,,,,,,,,,,,,,,,,0,0,0,0
WA0120ZZ,1/1/2007 0:00,1/1/2007,1/31/2007,Jan,,,,,,,,,355560,29005,0,0,135886,1748,0,0,0,0,0,0,0,0,0,0,,,,,,,,,,,,,,,,,,,0,0,,,,,,,,,,,,,,,,,,,,,,,,,,,,,,,,,,,,,1213.53,13.59,0,0
WA0120ZZ,12/1/2006 0:00,12/1/2006,12/31/2006,Dec,,,,,,,,,273160,22789,0,0,89712,1151,0,0,0,0,0,0,0,0,0,0,,,,,,,,,,,,,,,,,,,0,0,,,,,,,,,,,,,,,,,,,,,,,,,,,,,,,,,,,,,932.3,8.97,0,0
WA0120ZZ,11/1/2006 0:00,11/1/2006,11/30/2006,Nov,,,,,,,,,308960,24464,0,0,122939,1558,0,0,0,0,0,0,0,0,0,0,,,,,,,,,,,,,,,,,,,0,0,,,,,,,,,,,,,,,,,,,,,,,,,,,,,,,,,,,,,1054.48,12.29,0,0
WA0120ZZ,10/1/2006 0:00,10/1/2006,10/31/2006,Oct,,,,,,,,,248570,20032,0,0,51992,687,0,0,0,0,0,0,0,0,0,0,,,,,,,,,,,,,,,,,,,0,0,,,,,,,,,,,,,,,,,,,,,,,,,,,,,,,,,,,,,848.37,5.2,0,0
WA0120ZZ,9/1/2006 0:00,9/1/2006,9/30/2006,Sep,,,,,,,,,187325,15128,0,0,42971,570,0,0,0,0,0,0,0,0,0,0,,,,,,,,,,,,,,,,,,,0,0,,,,,,,,,,,,,,,,,,,,,,,,,,,,,,,,,,,,,639.34,4.3,0,0
WA0120ZZ,8/1/2006 0:00,8/1/2006,8/31/2006,Aug,,,,,,,,,211359,14901,0,0,11916,163,0,0,0,0,0,0,0,0,0,0,,,,,,,,,,,,,,,,,,,0,0,,,,,,,,,,,,,,,,,,,,,,,,,,,,,,,,,,,,,721.37,1.19,0,0
WA0120ZZ,7/1/2006 0:00,7/1/2006,7/31/2006,Jul,,,,,,,,,220819,15868,0,0,12374,168,0,0,0,0,0,0,0,0,0,0,,,,,,,,,,,,,,,,,,,0,0,,,,,,,,,,,,,,,,,,,,,,,,,,,,,,,,,,,,,753.66,1.24,0,0
WA0120ZZ,6/1/2006 0:00,6/1/2006,6/30/2006,Jun,,,,,,,,,191162,13815,0,0,12489,169,0,0,0,0,0,0,0,0,0,0,,,,,,,,,,,,,,,,,,,0,0,,,,,,,,,,,,,,,,,,,,,,,,,,,,,,,,,,,,,652.44,1.25,0,0
WA0120ZZ,5/1/2006 0:00,5/1/2006,5/31/2006,May,,,,,,,,,256501,15835,0,0,19134,255,0,0,0,0,0,0,0,0,0,0,,,,,,,,,,,,,,,,,,,0,0,,,,,,,,,,,,,,,,,,,,,,,,,,,,,,,,,,,,,875.44,1.91,0,0
WA0120ZZ,4/1/2006 0:00,4/1/2006,4/30/2006,Apr,,,,,,,,,151680,15298,0,0,28644,379,0,0,0,0,0,0,0,0,0,0,,,,,,,,,,,,,,,,,,,0,0,,,,,,,,,,,,,,,,,,,,,,,,,,,,,,,,,,,,,517.68,2.86,0,0
WA0000OB,7/6/2007 11:00,1/1/2005,1/31/2005,Jan,,,,,,,,,136445,7097,,,5193,5446,,,,,,,,,,,,,,,,,,,,,,,,,,,,,,,,,,,,,,,,,,,,,,,,,,,,,,,,,,,,,,,,,,,465.69,0.52,0,0
WA0000OB,7/6/2007 11:01,2/1/2005,2/28/2005,Feb,,,,,,,,,126110,6430,,,1226,1353,,,,,,,,,,,,,,,,,,,,,,,,,,,,,,,,,,,,,,,,,,,,,,,,,,,,,,,,,,,,,,,,,,,430.41,0.12,0,0
WA0000OB,7/6/2007 11:04,3/1/2005,3/31/2005,Mar,,,,,,,,,100580,5254,,,909,1061,,,,,,,,,,,,,,,,,,,,,,,,,,,,,,,,,,,,,,,,,,,,,,,,,,,,,,,,,,,,,,,,,,,343.28,0.09,0,0
WA0000OB,7/6/2007 11:05,4/1/2005,4/30/2005,Apr,,,,,,,,,86780,4554,,,503,633,,,,,,,,,,,,,,,,,,,,,,,,,,,,,,,,,,,,,,,,,,,,,,,,,,,,,,,,,,,,,,,,,,,296.18,0.05,0,0
WA0000OB,7/6/2007 11:06,5/1/2005,5/31/2005,May,,,,,,,,,75840,3850,,,118,239,,,,,,,,,,,,,,,,,,,,,,,,,,,,,,,,,,,,,,,,,,,,,,,,,,,,,,,,,,,,,,,,,,,258.84,0.01,0,0
WA0000OB,7/6/2007 11:07,6/1/2005,6/30/2005,Jun,,,,,,,,,92480,4783,,,59,181,,,,,,,,,,,,,,,,,,,,,,,,,,,,,,,,,,,,,,,,,,,,,,,,,,,,,,,,,,,,,,,,,,,315.63,0.01,0,0
WA0000OB,7/6/2007 11:08,7/1/2005,7/31/2005,Jul,,,,,,,,,92932,4865,,,169,302,,,,,,,,,,,,,,,,,,,,,,,,,,,,,,,,,,,,,,,,,,,,,,,,,,,,,,,,,,,,,,,,,,,317.18,0.02,0,0
WA0000OB,7/6/2007 11:10,8/1/2005,8/31/2005,Aug,,,,,,,,,113729,5820,,,325,923,,,,,,,,,,,,,,,,,,,,,,,,,,,,,,,,,,,,,,,,,,,,,,,,,,,,,,,,,,,,,,,,,,,388.16,0.03,0,0
WA0000OB,7/6/2007 11:11,9/1/2005,9/30/2005,Sep,,,,,,,,,83186,4355,,,80,213,,,,,,,,,,,,,,,,,,,,,,,,,,,,,,,,,,,,,,,,,,,,,,,,,,,,,,,,,,,,,,,,,,,283.91,0.01,0,0
WA0000OB,7/6/2007 11:13,10/1/2005,10/31/2005,Oct,,,,,,,,,101766,5311,,,264,200,,,,,,,,,,,,,,,,,,,,,,,,,,,,,,,,,,,,,,,,,,,,,,,,,,,,,,,,,,,,,,,,,,,347.33,0.03,0,0
WA0000OB,7/9/2007 13:55,11/1/2005,11/30/2005,Nov,,,,,,,,,143592,7426,,,1884,2582,,,,,,,,,,,,,,,,,,,,,,,,,,,,,,,,,,,,,,,,,,,,,,,,,,,,,,,,,,,,,,,,,,,490.08,0.19,0,0
WA0000OB,7/6/2007 11:15,12/1/2005,12/31/2005,Dec,,,,,,,,,153735,7959,,,2949,4033,,,,,,,,,,,,,,,,,,,,,,,,,,,,,,,,,,,,,,,,,,,,,,,,,,,,,,,,,,,,,,,,,,,524.7,0.29,0,0
WA0000OB,7/6/2007 11:15,1/1/2006,1/31/2006,Jan,,,,,,,,,153034,7902,,,1894,2354,,,,,,,,,,,,,,,,,,,,,,,,,,,,,,,,,,,,,,,,,,,,,,,,,,,,,,,,,,,,,,,,,,,522.31,0.19,0,0
WA0000OB,7/6/2007 11:17,2/1/2006,2/28/2006,Feb,,,,,,,,,148910,7727,,,1712,2396,,,,,,,,,,,,,,,,,,,,,,,,,,,,,,,,,,,,,,,,,,,,,,,,,,,,,,,,,,,,,,,,,,,508.23,0.17,0,0
WA0000OB,7/6/2007 11:24,3/1/2006,3/31/2006,Mar,,,,,,,,,129258,6719,,,1140,1625,,,,,,,,,,,,,,,,,,,,,,,,,,,,,,,,,,,,,,,,,,,,,,,,,,,,,,,,,,,,,,,,,,,441.16,0.11,0,0
WA0000OB,7/6/2007 11:25,4/1/2006,4/30/2006,Apr,,,,,,,,,104395,5481,,,460,705,,,,,,,,,,,,,,,,,,,,,,,,,,,,,,,,,,,,,,,,,,,,,,,,,,,,,,,,,,,,,,,,,,,356.3,0.05,0,0
WA0000OB,7/9/2007 13:56,5/1/2006,5/31/2006,May,,,,,,,,,97435,5139,,,140,213,,,,,,,,,,,,,,,,,,,,,,,,,,,,,,,,,,,,,,,,,,,,,,,,,,,,,,,,,,,,,,,,,,,332.55,0.01,0,0
WA0000OB,7/6/2007 11:26,6/1/2006,6/30/2006,Jun,,,,,,,,,116103,6054,,,28,219,,,,,,,,,,,,,,,,,,,,,,,,,,,,,,,,,,,,,,,,,,,,,,,,,,,,,,,,,,,,,,,,,,,396.26,0,0,0
WA0000OB,7/6/2007 11:27,7/1/2006,7/31/2006,Jul,,,,,,,,,107544,5667,,,0,60,,,,,,,,,,,,,,,,,,,,,,,,,,,,,,,,,,,,,,,,,,,,,,,,,,,,,,,,,,,,,,,,,,,367.05,0,0,0
WA0000OB,7/6/2007 11:28,8/1/2006,8/31/2006,Aug,,,,,,,,,110006,5759,,,22,151,,,,,,,,,,,,,,,,,,,,,,,,,,,,,,,,,,,,,,,,,,,,,,,,,,,,,,,,,,,,,,,,,,,375.45,0,0,0
WA0000OB,7/6/2007 11:29,9/1/2006,9/30/2006,Sep,,,,,,,,,96511,5131,,,63,98,,,,,,,,,,,,,,,,,,,,,,,,,,,,,,,,,,,,,,,,,,,,,,,,,,,,,,,,,,,,,,,,,,,329.39,0.01,0,0
WA0000OB,7/6/2007 11:30,10/1/2006,10/31/2006,Oct,,,,,,,,,112154,5879,,,276,444,,,,,,,,,,,,,,,,,,,,,,,,,,,,,,,,,,,,,,,,,,,,,,,,,,,,,,,,,,,,,,,,,,,382.78,0.03,0,0
WA0000OB,7/6/2007 11:31,11/1/2006,11/30/2006,Nov,,,,,,,,,155126,8123,,,1824,2224,,,,,,,,,,,,,,,,,,,,,,,,,,,,,,,,,,,,,,,,,,,,,,,,,,,,,,,,,,,,,,,,,,,529.45,0.18,0,0
WA0000OB,7/6/2007 11:32,12/1/2006,12/31/2006,Dec,,,,,,,,,151222,7951,,,3350,3966,,,,,,,,,,,,,,,,,,,,,,,,,,,,,,,,,,,,,,,,,,,,,,,,,,,,,,,,,,,,,,,,,,,516.12,0.34,0,0
WA0000OB,7/6/2007 11:32,1/1/2007,1/31/2007,Jan,,,,,,,,,151079,7868,,,863,1124,,,,,,,,,,,,,,,,,,,,,,,,,,,,,,,,,,,,,,,,,,,,,,,,,,,,,,,,,,,,,,,,,,,515.63,0.09,0,0
CO0061ZZ,11/1/2005 0:00,11/1/2005,11/30/2005,Nov,264500,543.87,,,,,,515.78,300505,25772,0,0,0,0,0,0,0,0,2163,44011,9567,21057,0,0,,,,,,,,,,,,,,,,,,,0,0,,,,,,,,,,,,,,,,,,,,,,,,,,,,,,,,,,,,,1025.62,0,2163,114.8
CO0061ZZ,8/1/2005 0:00,8/1/2005,8/31/2005,Aug,499000,1008.3,,,,,,973.05,278786,21472,0,0,0,0,0,0,0,0,116,2455,82507,28157,0,0,,,,,,,,,,,,,,,,,,,0,0,,,,,,,,,,,,,,,,,,,,,,,,,,,,,,,,,,,,,951.5,0,116,990.08
CO0061ZZ,9/1/2005 0:00,9/1/2005,9/30/2005,Sep,499000,1008.29,,,,,,973.05,299924,21734,0,0,0,0,0,0,0,0,628,12804,40159,24034,0,0,,,,,,,,,,,,,,,,,,,0,0,,,,,,,,,,,,,,,,,,,,,,,,,,,,,,,,,,,,,1023.64,0,628,481.91
CO0061ZZ,10/1/2005 0:00,10/1/2005,10/31/2005,Oct,264500,543.86,,,,,,515.77,234433,20918,0,0,0,0,0,0,0,0,956,19495,10025,21102,0,0,,,,,,,,,,,,,,,,,,,0,0,,,,,,,,,,,,,,,,,,,,,,,,,,,,,,,,,,,,,800.12,0,956,120.3
MI0724SB,3/1/2006 0:00,3/1/2006,3/31/2006,Mar,,,,,,,,,160799,5215,0,0,530100,6325,0,0,0,0,0,0,0,0,0,0,,,,,,,,,,,,,,,,,,,0,0,,,,,,,,,,,,,,,,,,,,,,,,,,,,,,,,,,,,,548.81,53.01,0,0
MI0724SB,2/1/2006 0:00,2/1/2006,2/28/2006,Feb,,,,,,,,,144813,4920,0,0,650100,8402,0,0,0,0,0,0,0,0,0,0,,,,,,,,,,,,,,,,,,,0,0,,,,,,,,,,,,,,,,,,,,,,,,,,,,,,,,,,,,,494.25,65.01,0,0
MI0724SB,1/1/2006 0:00,1/1/2006,1/31/2006,Jan,,,,,,,,,159908,5079,0,0,400125,5219,0,0,0,0,0,0,0,0,0,0,,,,,,,,,,,,,,,,,,,0,0,,,,,,,,,,,,,,,,,,,,,,,,,,,,,,,,,,,,,545.77,40.01,0,0
MI0724SB,12/1/2005 0:00,12/1/2005,12/31/2005,Dec,,,,,,,,,142595,4707,0,0,400125,5219,0,0,0,0,0,0,0,0,0,0,,,,,,,,,,,,,,,,,,,0,0,,,,,,,,,,,,,,,,,,,,,,,,,,,,,,,,,,,,,486.68,40.01,0,0
MI0724SB,11/1/2005 0:00,11/1/2005,11/30/2005,Nov,,,,,,,,,151566,4804,0,0,400125,5219,0,0,0,0,0,0,0,0,0,0,,,,,,,,,,,,,,,,,,,0,0,,,,,,,,,,,,,,,,,,,,,,,,,,,,,,,,,,,,,517.29,40.01,0,0
MI0724SB,10/1/2005 0:00,10/1/2005,10/31/2005,Oct,,,,,,,,,146765,5736,0,0,400125,5219,0,0,0,0,0,0,0,0,0,0,,,,,,,,,,,,,,,,,,,0,0,,,,,,,,,,,,,,,,,,,,,,,,,,,,,,,,,,,,,500.91,40.01,0,0
TN0076ZZ,10/25/2007 12:39,4/1/2006,3/31/2007,Apr,,,,,,,,,,,,,,,,,,,,,,,,,,,,,,,,,,,,,,,,,,,,,225036,12800,,,,220948,,5300,,,4380,,,,,,,,,,,,,,,,,,,,,,81057.6,,3540.85,660,0,0,0,0
WA0120ZZ,4/1/2005 0:00,4/1/2005,4/30/2005,Apr,,,,,,,,,215191,16278,0,0,56371,581,0,0,0,0,0,0,0,0,0,0,,,,,,,,,,,,,,,,,,,0,0,,,,,,,,,,,,,,,,,,,,,,,,,,,,,,,,,,,,,734.45,5.64,0,0
WA0120ZZ,5/1/2005 0:00,5/1/2005,5/31/2005,May,,,,,,,,,192336,14456,0,0,17530,187,0,0,0,0,0,0,0,0,0,0,,,,,,,,,,,,,,,,,,,0,0,,,,,,,,,,,,,,,,,,,,,,,,,,,,,,,,,,,,,656.44,1.75,0,0
WA0120ZZ,6/1/2005 0:00,6/1/2005,6/30/2005,Jun,,,,,,,,,217890,16266,0,0,12374,134,0,0,0,0,0,0,0,0,0,0,,,,,,,,,,,,,,,,,,,0,0,,,,,,,,,,,,,,,,,,,,,,,,,,,,,,,,,,,,,743.66,1.24,0,0
WA0120ZZ,7/1/2005 0:00,7/1/2005,7/31/2005,Jul,,,,,,,,,222609,16610,0,0,11228,122,0,0,0,0,0,0,0,0,0,0,,,,,,,,,,,,,,,,,,,0,0,,,,,,,,,,,,,,,,,,,,,,,,,,,,,,,,,,,,,759.76,1.12,0,0
WA0120ZZ,8/1/2005 0:00,8/1/2005,8/31/2005,Aug,,,,,,,,,226498,16827,0,0,12603,136,0,0,0,0,0,0,0,0,0,0,,,,,,,,,,,,,,,,,,,0,0,,,,,,,,,,,,,,,,,,,,,,,,,,,,,,,,,,,,,773.04,1.26,0,0
WA0120ZZ,9/1/2005 0:00,9/1/2005,9/30/2005,Sep,,,,,,,,,214156,17338,0,0,23259,245,0,0,0,0,0,0,0,0,0,0,,,,,,,,,,,,,,,,,,,0,0,,,,,,,,,,,,,,,,,,,,,,,,,,,,,,,,,,,,,730.91,2.33,0,0
WA0120ZZ,10/1/2005 0:00,10/1/2005,10/31/2005,Oct,,,,,,,,,215190,17690,0,0,50871,526,0,0,0,0,0,0,0,0,0,0,,,,,,,,,,,,,,,,,,,0,0,,,,,,,,,,,,,,,,,,,,,,,,,,,,,,,,,,,,,734.44,5.09,0,0
WA0120ZZ,11/1/2005 0:00,11/1/2005,11/30/2005,Nov,,,,,,,,,268792,21891,0,0,117898,1455,0,0,0,0,0,0,0,0,0,0,,,,,,,,,,,,,,,,,,,0,0,,,,,,,,,,,,,,,,,,,,,,,,,,,,,,,,,,,,,917.39,11.79,0,0
WA0120ZZ,12/1/2005 0:00,12/1/2005,12/31/2005,Dec,,,,,,,,,283249,22944,0,0,143677,1821,0,0,0,0,0,0,0,0,0,0,,,,,,,,,,,,,,,,,,,0,0,,,,,,,,,,,,,,,,,,,,,,,,,,,,,,,,,,,,,966.73,14.37,0,0
WA0120ZZ,1/1/2006 0:00,1/1/2006,1/31/2006,Jan,,,,,,,,,259172,20803,0,0,85748,1111,0,0,0,0,0,0,0,0,0,0,,,,,,,,,,,,,,,,,,,0,0,,,,,,,,,,,,,,,,,,,,,,,,,,,,,,,,,,,,,884.55,8.57,0,0
WA0120ZZ,2/1/2006 0:00,2/1/2006,2/28/2006,Feb,,,,,,,,,229367,18872,0,0,77796,1001,0,0,0,0,0,0,0,0,0,0,,,,,,,,,,,,,,,,,,,0,0,,,,,,,,,,,,,,,,,,,,,,,,,,,,,,,,,,,,,782.83,7.78,0,0
WA0120ZZ,3/1/2006 0:00,3/1/2006,3/31/2006,Mar,,,,,,,,,258157,20612,0,0,70234,908,0,0,0,0,0,0,0,0,0,0,,,,,,,,,,,,,,,,,,,0,0,,,,,,,,,,,,,,,,,,,,,,,,,,,,,,,,,,,,,881.09,7.02,0,0
IA0027ZZ,4/1/2005 0:00,4/1/2005,4/30/2005,Apr,,,,,,,,,23100,1303,0,0,48500,599,0,0,0,0,0,0,0,0,0,0,,,,,,,,,,,,,,,,,,,0,0,,,,,,,,,,,,,,,,,,,,,,,,,,,,,,,,,,,,,78.84,4.85,0,0
IA0027ZZ,5/1/2005 0:00,5/1/2005,5/31/2005,May,,,,,,,,,22200,1541,0,0,2200,35,0,0,0,0,0,0,0,0,0,0,,,,,,,,,,,,,,,,,,,0,0,,,,,,,,,,,,,,,,,,,,,,,,,,,,,,,,,,,,,75.77,0.22,0,0
IA0027ZZ,6/1/2005 0:00,6/1/2005,6/30/2005,Jun,,,,,,,,,33900,2667,0,0,1900,29,0,0,0,0,0,0,0,0,0,0,,,,,,,,,,,,,,,,,,,0,0,,,,,,,,,,,,,,,,,,,,,,,,,,,,,,,,,,,,,115.7,0.19,0,0
IA0027ZZ,7/1/2005 0:00,7/1/2005,7/31/2005,Jul,,,,,,,,,63900,4570,0,0,2800,41,0,0,0,0,0,0,0,0,0,0,,,,,,,,,,,,,,,,,,,0,0,,,,,,,,,,,,,,,,,,,,,,,,,,,,,,,,,,,,,218.09,0.28,0,0
IA0027ZZ,8/1/2005 0:00,8/1/2005,8/31/2005,Aug,,,,,,,,,88200,5072,0,0,6200,80,0,0,0,0,0,0,0,0,0,0,,,,,,,,,,,,,,,,,,,0,0,,,,,,,,,,,,,,,,,,,,,,,,,,,,,,,,,,,,,301.03,0.62,0,0
IA0027ZZ,9/1/2005 0:00,9/1/2005,9/30/2005,Sep,,,,,,,,,80100,4480,0,0,7000,113,0,0,0,0,0,0,0,0,0,0,,,,,,,,,,,,,,,,,,,0,0,,,,,,,,,,,,,,,,,,,,,,,,,,,,,,,,,,,,,273.38,0.7,0,0
IA0027ZZ,10/1/2005 0:00,10/1/2005,10/31/2005,Oct,,,,,,,,,58500,3425,0,0,95600,1461,0,0,0,0,0,0,0,0,0,0,,,,,,,,,,,,,,,,,,,0,0,,,,,,,,,,,,,,,,,,,,,,,,,,,,,,,,,,,,,199.66,9.56,0,0
IA0027ZZ,11/1/2005 0:00,11/1/2005,11/30/2005,Nov,,,,,,,,,58500,3706,0,0,387900,5241,0,0,0,0,0,0,0,0,0,0,,,,,,,,,,,,,,,,,,,0,0,,,,,,,,,,,,,,,,,,,,,,,,,,,,,,,,,,,,,199.66,38.79,0,0
IA0027ZZ,12/1/2005 0:00,12/1/2005,12/31/2005,Dec,,,,,,,,,76800,4472,0,0,429500,5489,0,0,0,0,0,0,0,0,0,0,,,,,,,,,,,,,,,,,,,0,0,,,,,,,,,,,,,,,,,,,,,,,,,,,,,,,,,,,,,262.12,42.95,0,0
IA0027ZZ,1/1/2006 0:00,1/1/2006,1/31/2006,Jan,,,,,,,,,54000,3704,0,0,306500,4168,0,0,0,0,0,0,0,0,0,0,,,,,,,,,,,,,,,,,,,0,0,,,,,,,,,,,,,,,,,,,,,,,,,,,,,,,,,,,,,184.3,30.65,0,0
IA0027ZZ,2/1/2006 0:00,2/1/2006,2/28/2006,Feb,,,,,,,,,56400,3862,0,0,317700,4114,0,0,0,0,0,0,0,0,0,0,,,,,,,,,,,,,,,,,,,0,0,,,,,,,,,,,,,,,,,,,,,,,,,,,,,,,,,,,,,192.49,31.77,0,0
IA0027ZZ,3/1/2006 0:00,3/1/2006,3/31/2006,Mar,,,,,,,,,67800,4743,0,0,286700,3374,0,0,0,0,0,0,0,0,0,0,,,,,,,,,,,,,,,,,,,0,0,,,,,,,,,,,,,,,,,,,,,,,,,,,,,,,,,,,,,231.4,28.67,0,0
TN0076ZZ,4/1/2005 0:00,4/1/2005,4/30/2005,Apr,,,,,,,,,134640,8853,0,0,72000,886,0,0,0,0,0,0,0,0,0,0,,,,,,,,,,,,,,,,,,,0,0,,,,,,,,,,,,,,,,,,,,,,,,,,,,,,,,,,,,,459.53,7.2,0,0
TN0076ZZ,5/1/2005 0:00,5/1/2005,5/31/2005,May,,,,,,,,,142980,9294,0,0,53900,647,0,0,0,0,0,0,0,0,0,0,,,,,,,,,,,,,,,,,,,0,0,,,,,,,,,,,,,,,,,,,,,,,,,,,,,,,,,,,,,487.99,5.39,0,0
TN0076ZZ,6/1/2005 0:00,6/1/2005,6/30/2005,Jun,,,,,,,,,156240,10262,0,0,0,5,0,0,0,0,0,0,0,0,0,0,,,,,,,,,,,,,,,,,,,0,0,,,,,,,,,,,,,,,,,,,,,,,,,,,,,,,,,,,,,533.25,0,0,0
TN0076ZZ,7/1/2005 0:00,7/1/2005,7/31/2005,Jul,,,,,,,,,181440,11442,0,0,0,5,0,0,0,0,0,0,0,0,0,0,,,,,,,,,,,,,,,,,,,0,0,,,,,,,,,,,,,,,,,,,,,,,,,,,,,,,,,,,,,619.25,0,0,0
TN0076ZZ,8/1/2005 0:00,8/1/2005,8/31/2005,Aug,,,,,,,,,174240,11419,0,0,0,5,0,0,0,0,0,0,0,0,0,0,,,,,,,,,,,,,,,,,,,0,0,,,,,,,,,,,,,,,,,,,,,,,,,,,,,,,,,,,,,594.68,0,0,0
TN0076ZZ,9/1/2005 0:00,9/1/2005,9/30/2005,Sep,,,,,,,,,165600,11229,0,0,0,5,0,0,0,0,0,0,0,0,0,0,,,,,,,,,,,,,,,,,,,0,0,,,,,,,,,,,,,,,,,,,,,,,,,,,,,,,,,,,,,565.19,0,0,0
TN0076ZZ,10/1/2005 0:00,10/1/2005,10/31/2005,Oct,,,,,,,,,159840,11554,0,0,12200,188,0,0,0,0,0,0,0,0,0,0,,,,,,,,,,,,,,,,,,,0,0,,,,,,,,,,,,,,,,,,,,,,,,,,,,,,,,,,,,,545.53,1.22,0,0
TN0076ZZ,11/1/2005 0:00,11/1/2005,11/30/2005,Nov,,,,,,,,,146880,10185,0,0,199100,3260,0,0,0,0,0,0,0,0,0,0,,,,,,,,,,,,,,,,,,,0,0,,,,,,,,,,,,,,,,,,,,,,,,,,,,,,,,,,,,,501.3,19.91,0,0
TN0076ZZ,12/1/2005 0:00,12/1/2005,12/31/2005,Dec,,,,,,,,,133920,9822,0,0,436700,7145,0,0,0,0,0,0,0,0,0,0,,,,,,,,,,,,,,,,,,,0,0,,,,,,,,,,,,,,,,,,,,,,,,,,,,,,,,,,,,,457.07,43.67,0,0
TN0076ZZ,8/14/2007 10:35,1/1/2006,1/31/2006,Jan,,,,,,,,,143280,10041,0,0,395600,5961,0,0,0,0,0,0,0,0,0,0,,,,,,,,,,,,,,,,,,,0,0,,,,,,,,,,,,,,,,,,,,,,,,,,,,,,,,,,,,,489.01,39.56,0,0
TN0076ZZ,2/1/2006 0:00,2/1/2006,2/28/2006,Feb,,,,,,,,,142560,10142,0,0,406200,6556,0,0,0,0,0,0,0,0,0,0,,,,,,,,,,,,,,,,,,,0,0,,,,,,,,,,,,,,,,,,,,,,,,,,,,,,,,,,,,,486.56,40.62,0,0
TN0076ZZ,3/1/2006 0:00,3/1/2006,3/31/2006,Mar,,,,,,,,,139680,10201,0,0,229600,3423,0,0,0,0,0,0,0,0,0,0,,,,,,,,,,,,,,,,,,,0,0,,,,,,,,,,,,,,,,,,,,,,,,,,,,,,,,,,,,,476.73,22.96,0,0
CA0309ZZ,10/1/2005 0:00,10/1/2005,10/31/2005,Oct,,,,,,,,,316800,53671,0,0,375487,5799,0,0,0,0,0,0,0,0,0,0,,,,,,,,,,,,,,,,,,,0,0,,,,,,,,,,,,,,,,,,,,,,,,,,,,,,,,,,,,,1081.24,37.55,0,0
CA0309ZZ,11/1/2005 0:00,11/1/2005,11/30/2005,Nov,,,,,,,,,331200,35511,0,0,719832,11542,0,0,0,0,0,0,0,0,0,0,,,,,,,,,,,,,,,,,,,0,0,,,,,,,,,,,,,,,,,,,,,,,,,,,,,,,,,,,,,1130.39,71.98,0,0
CA0309ZZ,12/1/2005 0:00,12/1/2005,12/31/2005,Dec,,,,,,,,,290400,30835,0,0,886401,11950,0,0,0,0,0,0,0,0,0,0,,,,,,,,,,,,,,,,,,,0,0,,,,,,,,,,,,,,,,,,,,,,,,,,,,,,,,,,,,,991.14,88.64,0,0
CA0309ZZ,1/1/2006 0:00,1/1/2006,1/31/2006,Jan,,,,,,,,,324700,36790,0,0,995482,15398,0,0,0,0,0,0,0,0,0,0,,,,,,,,,,,,,,,,,,,0,0,,,,,,,,,,,,,,,,,,,,,,,,,,,,,,,,,,,,,1108.2,99.55,0,0
CA0309ZZ,2/1/2006 0:00,2/1/2006,2/28/2006,Feb,,,,,,,,,358100,41010,0,0,592942,7877,0,0,0,0,0,0,0,0,0,0,,,,,,,,,,,,,,,,,,,0,0,,,,,,,,,,,,,,,,,,,,,,,,,,,,,,,,,,,,,1222.2,59.29,0,0
CA0309ZZ,3/1/2006 0:00,3/1/2006,3/31/2006,Mar,,,,,,,,,344000,40017,0,0,640869,5650,0,0,0,0,0,0,0,0,0,0,,,,,,,,,,,,,,,,,,,0,0,,,,,,,,,,,,,,,,,,,,,,,,,,,,,,,,,,,,,1174.07,64.09,0,0
NE0036ZZ,4/1/2005 0:00,4/1/2005,4/30/2005,Apr,,,,,,,,,237600,11393,0,0,0,0,0,0,0,0,441,10069,52456,13763,0,0,,,,,,,,,,,,,,,,,,,655,2686,,,,,,,,,,,,,,,,,,,,,,,,,,,,,,,,,,,,,810.93,0,441,629.47
NE0036ZZ,5/1/2005 0:00,5/1/2005,5/31/2005,May,,,,,,,,,273600,13637,0,0,0,0,0,0,0,0,319,7214,70907,20939,0,0,,,,,,,,,,,,,,,,,,,685,2809,,,,,,,,,,,,,,,,,,,,,,,,,,,,,,,,,,,,,933.8,0,319,850.88
NE0036ZZ,6/1/2005 0:00,6/1/2005,6/30/2005,Jun,,,,,,,,,241920,13943,0,0,0,0,0,0,0,0,241,5160,110451,29821,0,0,,,,,,,,,,,,,,,,,,,660,2706,,,,,,,,,,,,,,,,,,,,,,,,,,,,,,,,,,,,,825.67,0,241,1325.41
NE0036ZZ,7/1/2005 0:00,7/1/2005,7/31/2005,Jul,,,,,,,,,266400,14733,0,0,0,0,0,0,0,0,173,3525,107833,30882,0,0,,,,,,,,,,,,,,,,,,,664,2722,,,,,,,,,,,,,,,,,,,,,,,,,,,,,,,,,,,,,909.22,0,173,1294
NE0036ZZ,8/1/2005 0:00,8/1/2005,8/31/2005,Aug,,,,,,,,,228960,13459,0,0,0,0,0,0,0,0,163,2895,109898,29501,0,0,,,,,,,,,,,,,,,,,,,651,2669,,,,,,,,,,,,,,,,,,,,,,,,,,,,,,,,,,,,,781.44,0,163,1318.78
NE0036ZZ,9/1/2005 0:00,9/1/2005,9/30/2005,Sep,,,,,,,,,226080,12503,0,0,0,0,0,0,0,0,185,3216,82682,25069,0,0,,,,,,,,,,,,,,,,,,,661,2710,,,,,,,,,,,,,,,,,,,,,,,,,,,,,,,,,,,,,771.61,0,185,992.18
NE0036ZZ,10/1/2005 0:00,10/1/2005,10/31/2005,Oct,,,,,,,,,236160,11159,0,0,0,0,0,0,0,0,402,6901,48852,19683,0,0,,,,,,,,,,,,,,,,,,,634,2599,,,,,,,,,,,,,,,,,,,,,,,,,,,,,,,,,,,,,806.01,0,402,586.22
NE0036ZZ,11/1/2005 0:00,11/1/2005,11/30/2005,Nov,,,,,,,,,288000,12689,0,0,0,0,0,0,0,0,666,14258,38155,17701,0,0,,,,,,,,,,,,,,,,,,,680,2788,,,,,,,,,,,,,,,,,,,,,,,,,,,,,,,,,,,,,982.94,0,666,457.86
NE0036ZZ,12/1/2005 0:00,12/1/2005,12/31/2005,Dec,,,,,,,,,290880,12573,0,0,0,0,0,0,0,0,1355,28781,49611,19706,0,0,,,,,,,,,,,,,,,,,,,662,2714,,,,,,,,,,,,,,,,,,,,,,,,,,,,,,,,,,,,,992.77,0,1355,595.33
NE0036ZZ,1/1/2006 0:00,1/1/2006,1/31/2006,Jan,,,,,,,,,241920,11477,0,0,0,0,0,0,0,0,974,29298,33072,16138,0,0,,,,,,,,,,,,,,,,,,,654,2681,,,,,,,,,,,,,,,,,,,,,,,,,,,,,,,,,,,,,825.67,0,974,396.86
NE0036ZZ,2/1/2006 0:00,2/1/2006,2/28/2006,Feb,,,,,,,,,260640,11836,0,0,0,0,0,0,0,0,1160,26865,45510,15728,0,0,,,,,,,,,,,,,,,,,,,651,2669,,,,,,,,,,,,,,,,,,,,,,,,,,,,,,,,,,,,,889.56,0,1160,546.12
NE0036ZZ,3/1/2006 0:00,3/1/2006,3/31/2006,Mar,,,,,,,,,231840,11342,0,0,0,0,0,0,0,0,987,22907,37708,13905,0,0,,,,,,,,,,,,,,,,,,,648,2698,,,,,,,,,,,,,,,,,,,,,,,,,,,,,,,,,,,,,791.27,0,987,452.5
TN0012ZZ,4/1/2005 0:00,4/1/2005,4/30/2005,Apr,,,,,,,,,121500,8185,0,0,145200,1702,0,0,0,0,0,0,0,0,0,0,,,,,,,,,,,,,,,,,,,0,0,,,,,,,,,,,,,,,,,,,,,,,,,,,,,,,,,,,,,414.68,14.52,0,0
TN0012ZZ,5/1/2005 0:00,5/1/2005,5/31/2005,May,,,,,,,,,148500,10205,0,0,0,175,0,0,0,0,0,0,0,0,0,0,,,,,,,,,,,,,,,,,,,0,0,,,,,,,,,,,,,,,,,,,,,,,,,,,,,,,,,,,,,506.83,0,0,0
TN0012ZZ,6/1/2005 0:00,6/1/2005,6/30/2005,Jun,,,,,,,,,144900,10728,0,0,0,12,0,0,0,0,0,0,0,0,0,0,,,,,,,,,,,,,,,,,,,0,0,,,,,,,,,,,,,,,,,,,,,,,,,,,,,,,,,,,,,494.54,0,0,0
TN0012ZZ,7/1/2005 0:00,7/1/2005,7/31/2005,Jul,,,,,,,,,180000,11630,0,0,0,12,0,0,0,0,0,0,0,0,0,0,,,,,,,,,,,,,,,,,,,0,0,,,,,,,,,,,,,,,,,,,,,,,,,,,,,,,,,,,,,614.34,0,0,0
TN0012ZZ,8/1/2005 0:00,8/1/2005,8/31/2005,Aug,,,,,,,,,157500,10634,0,0,0,12,0,0,0,0,0,0,0,0,0,0,,,,,,,,,,,,,,,,,,,0,0,,,,,,,,,,,,,,,,,,,,,,,,,,,,,,,,,,,,,537.55,0,0,0
TN0012ZZ,9/1/2005 0:00,9/1/2005,9/30/2005,Sep,,,,,,,,,137700,10578,0,0,11500,212,0,0,0,0,0,0,0,0,0,0,,,,,,,,,,,,,,,,,,,0,0,,,,,,,,,,,,,,,,,,,,,,,,,,,,,,,,,,,,,469.97,1.15,0,0
TN0012ZZ,10/1/2005 0:00,10/1/2005,10/31/2005,Oct,,,,,,,,,150300,10057,0,0,248600,5015,0,0,0,0,0,0,0,0,0,0,,,,,,,,,,,,,,,,,,,0,0,,,,,,,,,,,,,,,,,,,,,,,,,,,,,,,,,,,,,512.97,24.86,0,0
TN0012ZZ,11/1/2005 0:00,11/1/2005,11/30/2005,Nov,,,,,,,,,114300,8367,0,0,418600,7298,0,0,0,0,0,0,0,0,0,0,,,,,,,,,,,,,,,,,,,0,0,,,,,,,,,,,,,,,,,,,,,,,,,,,,,,,,,,,,,390.11,41.86,0,0
TN0012ZZ,12/1/2005 0:00,12/1/2005,12/31/2005,Dec,,,,,,,,,124200,8597,0,0,437500,8682,0,0,0,0,0,0,0,0,0,0,,,,,,,,,,,,,,,,,,,0,0,,,,,,,,,,,,,,,,,,,,,,,,,,,,,,,,,,,,,423.89,43.75,0,0
TN0012ZZ,1/1/2006 0:00,1/1/2006,1/31/2006,Jan,,,,,,,,,127800,9002,0,0,378600,5911,0,0,0,0,0,0,0,0,0,0,,,,,,,,,,,,,,,,,,,0,0,,,,,,,,,,,,,,,,,,,,,,,,,,,,,,,,,,,,,436.18,37.86,0,0
TN0012ZZ,2/1/2006 0:00,2/1/2006,2/28/2006,Feb,,,,,,,,,117000,8822,0,0,351400,4902,0,0,0,0,0,0,0,0,0,0,,,,,,,,,,,,,,,,,,,0,0,,,,,,,,,,,,,,,,,,,,,,,,,,,,,,,,,,,,,399.32,35.14,0,0
TN0012ZZ,9/5/2007 17:04,3/1/2006,3/31/2006,Mar,,,,,,,,,116100,9283,0,0,270100,3179,0,0,0,0,0,0,0,0,0,0,,,,,,,,,,,,,,,,,,,0,0,,,,,,,,,,,,,,,,,,,,,1.8,,,,,,,,120,,,,,,,,396.25,27.01,0,0
CO0061ZZ,7/1/2005 0:00,7/1/2005,7/31/2005,Jul,518000,1043.26,,,,,,1010.1,263415,20974,0,0,0,0,0,0,0,0,76,1629,86571,28552,0,0,,,,,,,,,,,,,,,,,,,0,0,,,,,,,,,,,,,,,,,,,,,,,,,,,,,,,,,,,,,899.04,0,76,1038.85
CO0061ZZ,6/1/2005 0:00,6/1/2005,6/30/2005,Jun,518000,1043.25,,,,,,1010.1,292347,21750,0,0,0,0,0,0,0,0,193,4190,54680,25448,0,0,,,,,,,,,,,,,,,,,,,0,0,,,,,,,,,,,,,,,,,,,,,,,,,,,,,,,,,,,,,997.78,0,193,656.16
CO0061ZZ,5/1/2005 0:00,5/1/2005,5/31/2005,May,308000,656.86,,,,,,600.6,296420,21053,0,0,0,0,0,0,0,0,627,12813,26097,22666,0,0,,,,,,,,,,,,,,,,,,,0,0,,,,,,,,,,,,,,,,,,,,,,,,,,,,,,,,,,,,,1011.68,0,627,313.16
CO0061ZZ,3/1/2007 0:00,3/1/2007,3/31/2007,Mar,,,,,,,,,263961,20291,0,0,0,0,0,0,0,0,1225,31782,15020,12893,0,0,,,,,,,,,,,,,,,,,,,0,0,,,,,,,,,,,,,,,,,,,,,,,,,,,,,,,,,,,,,900.9,0,1225,180.24
WA0120ZZ,2/1/2007 0:00,2/1/2007,2/28/2007,Feb,,,,,,,,,271440,22519,0,0,84002,1122,0,0,0,0,0,0,0,0,0,0,,,,,,,,,,,,,,,,,,,0,0,,,,,,,,,,,,,,,,,,,,,,,,,,,,,,,,,,,,,926.42,8.4,0,0
WA0120ZZ,3/1/2007 0:00,3/1/2007,3/31/2007,Mar,,,,,,,,,300571,24360,0,0,72362,968,0,0,0,0,0,0,0,0,0,0,,,,,,,,,,,,,,,,,,,0,0,,,,,,,,,,,,,,,,,,,,,,,,,,,,,,,,,,,,,1025.85,7.24,0,0
IA0027ZZ,4/1/2006 0:00,4/1/2006,4/30/2006,Apr,,,,,,,,,71400,4188,0,0,55100,595,0,0,0,0,0,0,0,0,0,0,,,,,,,,,,,,,,,,,,,0,0,,,,,,,,,,,,,,,,,,,,,,,,,,,,,,,,,,,,,243.69,5.51,0,0
IA0027ZZ,5/1/2006 0:00,5/1/2006,5/31/2006,May,,,,,,,,,79500,5242,0,0,46500,431,0,0,0,0,0,0,0,0,0,0,,,,,,,,,,,,,,,,,,,0,0,,,,,,,,,,,,,,,,,,,,,,,,,,,,,,,,,,,,,271.33,4.65,0,0
IA0027ZZ,6/1/2006 0:00,6/1/2006,6/30/2006,Jun,,,,,,,,,27000,2714,0,0,1900,25,0,0,0,0,0,0,0,0,0,0,,,,,,,,,,,,,,,,,,,0,0,,,,,,,,,,,,,,,,,,,,,,,,,,,,,,,,,,,,,92.15,0.19,0,0
IA0027ZZ,7/1/2006 0:00,7/1/2006,7/31/2006,Jul,,,,,,,,,139800,7685,0,0,18700,161,0,0,0,0,0,0,0,0,0,0,,,,,,,,,,,,,,,,,,,0,0,,,,,,,,,,,,,,,,,,,,,,,,,,,,,,,,,,,,,477.14,1.87,0,0
IA0027ZZ,8/1/2006 0:00,8/1/2006,8/31/2006,Aug,,,,,,,,,88500,5675,0,0,14500,137,0,0,0,0,0,0,0,0,0,0,,,,,,,,,,,,,,,,,,,0,0,,,,,,,,,,,,,,,,,,,,,,,,,,,,,,,,,,,,,302.05,1.45,0,0
IA0027ZZ,9/1/2006 0:00,9/1/2006,9/30/2006,Sep,,,,,,,,,69900,4317,0,0,41400,396,0,0,0,0,0,0,0,0,0,0,,,,,,,,,,,,,,,,,,,0,0,,,,,,,,,,,,,,,,,,,,,,,,,,,,,,,,,,,,,238.57,4.14,0,0
IA0027ZZ,10/1/2006 0:00,10/1/2006,10/31/2006,Oct,,,,,,,,,61500,3906,0,0,103300,750,0,0,0,0,0,0,0,0,0,0,,,,,,,,,,,,,,,,,,,0,0,,,,,,,,,,,,,,,,,,,,,,,,,,,,,,,,,,,,,209.9,10.33,0,0
IA0027ZZ,11/1/2006 0:00,11/1/2006,11/30/2006,Nov,,,,,,,,,67500,4350,0,0,220000,2306,0,0,0,0,0,0,0,0,0,0,,,,,,,,,,,,,,,,,,,0,0,,,,,,,,,,,,,,,,,,,,,,,,,,,,,,,,,,,,,230.38,22,0,0
IA0027ZZ,12/1/2006 0:00,12/1/2006,12/31/2006,Dec,,,,,,,,,63300,4275,0,0,317000,3446,0,0,0,0,0,0,0,0,0,0,,,,,,,,,,,,,,,,,,,0,0,,,,,,,,,,,,,,,,,,,,,,,,,,,,,,,,,,,,,216.04,31.7,0,0
IA0027ZZ,1/1/2007 0:00,1/1/2007,1/31/2007,Jan,,,,,,,,,73500,4676,0,0,437800,4694,0,0,0,0,0,0,0,0,0,0,,,,,,,,,,,,,,,,,,,0,0,,,,,,,,,,,,,,,,,,,,,,,,,,,,,,,,,,,,,250.86,43.78,0,0
IA0027ZZ,2/1/2007 0:00,2/1/2007,2/28/2007,Feb,,,,,,,,,82800,5042,0,0,427300,4920,0,0,0,0,0,0,0,0,0,0,,,,,,,,,,,,,,,,,,,0,0,,,,,,,,,,,,,,,,,,,,,,,,,,,,,,,,,,,,,282.6,42.73,0,0
IA0027ZZ,3/1/2007 0:00,3/1/2007,3/31/2007,Mar,,,,,,,,,98400,5278,0,0,145800,1740,0,0,0,0,0,0,0,0,0,0,,,,,,,,,,,,,,,,,,,0,0,,,,,,,,,,,,,,,,,,,,,,,,,,,,,,,,,,,,,335.84,14.58,0,0
CA0309ZZ,3/1/2007 0:00,3/1/2007,3/31/2007,Mar,,,,,,,,,454300,52841,0,0,542958,6169,0,0,0,0,0,0,0,0,0,0,,,,,,,,,,,,,,,,,,,0,0,,,,,,,,,,,,,,,,,,,,,,,,,,,,,,,,,,,,,1550.53,54.3,0,0
MI0724SB,10/26/2007 12:07,10/8/2005,11/8/2005,Oct,3000,143.66,,,,,,135.74,,,,,,,,,,,,,,,,,,,,,,,,,,,,,,,,,,,,,,,,,,,,,,,,,,,,,,,,,,,,,,,,,,,,,,,,,0,0,0,0
MI0724SB,10/26/2007 12:08,11/9/2005,12/7/2005,Nov,2000,96.96,,,,,,91.64,,,,,,,,,,,,,,,,,,,,,,,,,,,,,,,,,,,,,,,,,,,,,,,,,,,,,,,,,,,,,,,,,,,,,,,,,0,0,0,0
MI0724SB,10/26/2007 12:08,12/8/2005,1/9/2006,Dec,2000,96.96,,,,,,91.64,,,,,,,,,,,,,,,,,,,,,,,,,,,,,,,,,,,,,,,,,,,,,,,,,,,,,,,,,,,,,,,,,,,,,,,,,0,0,0,0
MI0724SB,10/26/2007 12:10,1/10/2006,2/8/2006,Jan,0,3.56,,,,,,3.44,,,,,,,,,,,,,,,,,,,,,,,,,,,,,,,,,,,,,,,,,,,,,,,,,,,,,,,,,,,,,,,,,,,,,,,,,0,0,0,0
MI0724SB,10/26/2007 12:10,2/9/2006,3/7/2006,Feb,0,3.56,,,,,,3.44,,,,,,,,,,,,,,,,,,,,,,,,,,,,,,,,,,,,,,,,,,,,,,,,,,,,,,,,,,,,,,,,,,,,,,,,,0,0,0,0
MI0724SB,10/26/2007 12:10,3/8/2006,4/4/2006,Mar,0,3.56,,,,,,3.44,,,,,,,,,,,,,,,,,,,,,,,,,,,,,,,,,,,,,,,,,,,,,,,,,,,,,,,,,,,,,,,,,,,,,,,,,0,0,0,0
MI0724SB,10/26/2007 12:11,4/5/2006,5/9/2006,Apr,0,3.56,,,,,,3.44,,,,,,,,,,,,,,,,,,,,,,,,,,,,,,,,,,,,,,,,,,,,,,,,,,,,,,,,,,,,,,,,,,,,,,,,,0,0,0,0
MI0724SB,10/26/2007 12:11,5/10/2006,6/6/2006,May,0,3.56,,,,,,3.44,,,,,,,,,,,,,,,,,,,,,,,,,,,,,,,,,,,,,,,,,,,,,,,,,,,,,,,,,,,,,,,,,,,,,,,,,0,0,0,0
MI0724SB,10/26/2007 12:11,6/7/2006,7/6/2006,Jun,0,3.21,,,,,,3.69,,,,,,,,,,,,,,,,,,,,,,,,,,,,,,,,,,,,,,,,,,,,,,,,,,,,,,,,,,,,,,,,,,,,,,,,,0,0,0,0
MI0724SB,10/26/2007 12:11,7/7/2006,8/2/2006,Jul,0,3.21,,,,,,3.69,,,,,,,,,,,,,,,,,,,,,,,,,,,,,,,,,,,,,,,,,,,,,,,,,,,,,,,,,,,,,,,,,,,,,,,,,0,0,0,0
MI0724SB,10/26/2007 12:12,8/3/2006,9/1/2006,Aug,0,3.21,,,,,,3.69,,,,,,,,,,,,,,,,,,,,,,,,,,,,,,,,,,,,,,,,,,,,,,,,,,,,,,,,,,,,,,,,,,,,,,,,,0,0,0,0
MI0724SB,10/26/2007 12:10,9/2/2006,10/4/2006,Sep,0,3.21,,,,,,3.69,,,,,,,,,,,,,,,,,,,,,,,,,,,,,,,,,,,,,,,,,,,,,,,,,,,,,,,,,,,,,,,,,,,,,,,,,0,0,0,0
MI0724SB,10/26/2007 12:10,10/5/2006,11/2/2006,Oct,1000,49.91,,,,,,47.79,,,,,,,,,,,,,,,,,,,,,,,,,,,,,,,,,,,,,,,,,,,,,,,,,,,,,,,,,,,,,,,,,,,,,,,,,0,0,0,0
MI0724SB,10/26/2007 12:09,11/3/2006,12/4/2006,Nov,2000,96.61,,,,,,91.89,,,,,,,,,,,,,,,,,,,,,,,,,,,,,,,,,,,,,,,,,,,,,,,,,,,,,,,,,,,,,,,,,,,,,,,,,0,0,0,0
MI0724SB,10/26/2007 12:08,12/5/2006,1/4/2007,Dec,2000,96.61,,,,,,91.89,,,,,,,,,,,,,,,,,,,,,,,,,,,,,,,,,,,,,,,,,,,,,,,,,,,,,,,,,,,,,,,,,,,,,,,,,0,0,0,0
MI0724SB,10/26/2007 12:08,1/5/2007,2/2/2007,Jan,2000,96.61,,,,,,91.89,,,,,,,,,,,,,,,,,,,,,,,,,,,,,,,,,,,,,,,,,,,,,,,,,,,,,,,,,,,,,,,,,,,,,,,,,0,0,0,0
MI0724SB,10/26/2007 12:09,2/3/2007,3/5/2007,Feb,2000,96.61,,,,,,91.89,,,,,,,,,,,,,,,,,,,,,,,,,,,,,,,,,,,,,,,,,,,,,,,,,,,,,,,,,,,,,,,,,,,,,,,,,0,0,0,0
MI0724SB,10/26/2007 12:09,3/6/2007,4/3/2007,Mar,2000,96.61,,,,,,91.89,,,,,,,,,,,,,,,,,,,,,,,,,,,,,,,,,,,,,,,,,,,,,,,,,,,,,,,,,,,,,,,,,,,,,,,,,0,0,0,0
MI0724SB,10/26/2007 12:09,4/4/2007,4/30/2007,Apr,2000,96.61,,,,,,91.89,,,,,,,,,,,,,,,,,,,,,,,,,,,,,,,,,,,,,,,,,,,,,,,,,,,,,,,,,,,,,,,,,,,,,,,,,0,0,0,0
MI0724SB,10/26/2007 14:48,1/1/2006,12/31/2006,Jan,,,,,,,,,,,,,,,,,,,,,,,,,,,,,,,,,,,,,,,,,,,,,109962.48,,,,,206281.44,,64860.12,,312,3182.4,,,,,,,,,,,,,,,,,,,,,,140400,,,,0,0,0,0
MI0724SB,7/25/2007 10:25,10/1/2006,6/30/2007,,,,,,,,,,,,,,,,,,,,,,,,,,,,,,,,,,,,,,,,,,,,,,,,222,,,,,,,,,,,,,,,,,,,,,,,,,,,,,,,,,,0,0,0,0
NE1425ZZ,10/26/2007 14:52,7/1/2006,6/30/2007,Jul,246092,517.34,,,,,,321.55,,,,,1549358,15160.26,,,,,,,,,,,,,,,,,,,,,,,,,,,,,,,41600,,180,109,,56400,,9050,0,2496,1500,,,,,,,,,,1020,,,,,,1740,,21927,,,,1123200,,,,0,154.94,0,0
NE1425ZZ,6/29/2007 0:00,5/30/2007,6/29/2007,Jun,,,,,,,,,78336,5869.52,,,,,,,,,,,,,,,,,,,,,,,,,,,,,,,,,315,,,,,,,,,,,,,,,,,,,,,,,,,,,,,,,,,,,,,,267.36,0,0,0
NE1425ZZ,5/30/2007 0:00,4/27/2007,5/30/2007,May,,,,,,,,,76032,4907.11,,,,,,,,,,,,,,,,,,,,,,,,,,,,,,,,,315,,,,,,,,,,,,,,,,,,,,,,,,,,,,,,,,,,,,,,259.5,0,0,0
NE1425ZZ,10/14/2007 19:35,3/29/2007,4/27/2007,Apr,,,,,,,,,68176,4097.14,,,,,,,,,,,,,,,,,,,,,,,,,,,,,,,,,315,,,,,,,,,,,,,,,,,,,,,,,,,,,,,,,,,,,,,,232.68,0,0,0
NE1425ZZ,3/29/2007 0:00,2/28/2007,3/29/2007,Mar,,,,,,,,,58176,3995.27,,,,,,,,,,,,,,,,,,,,,,,,,,,,,,,,,315,,,,,,,,,,,,,,,,,,,,,,,,,,,,,,,,,,,,,,198.55,0,0,0
NE1425ZZ,2/28/2007 0:00,1/29/2007,2/28/2007,Feb,,,,,,,,,67392,4390.59,,,,,,,,,,,,,,,,,,,,,,,,,,,,,,,,,315,,,,,,,,,,,,,,,,,,,,,,,,,,,,,,,,,,,,,,230.01,0,0,0
NE1425ZZ,1/29/2007 0:00,1/2/2007,1/29/2007,Jan,,,,,,,,,57024,3944.85,,,,,,,,,,,,,,,,,,,,,,,,,,,,,,,,,315,,,,,,,,,,,,,,,,,,,,,,,,,,,,,,,,,,,,,,194.62,0,0,0
NE1425ZZ,1/2/2007 0:00,11/29/2006,1/2/2007,Dec,,,,,,,,,66016,4373.38,,,,,,,,,,,,,,,,,,,,,,,,,,,,,,,,,315,,,,,,,,,,,,,,,,,,,,,,,,,,,,,,,,,,,,,,225.31,0,0,0
NE1425ZZ,11/29/2006 0:00,10/31/2006,11/29/2006,Nov,,,,,,,,,57024,3944.85,,,,,,,,,,,,,,,,,,,,,,,,,,,,,,,,,315,,,,,,,,,,,,,,,,,,,,,,,,,,,,,,,,,,,,,,194.62,0,0,0
NE1425ZZ,10/31/2006 0:00,9/29/2006,10/31/2006,Oct,,,,,,,,,65088,4320.18,,,,,,,,,,,,,,,,,,,,,,,,,,,,,,,,,315,,,,,,,,,,,,,,,,,,,,,,,,,,,,,,,,,,,,,,222.15,0,0,0
NE1425ZZ,9/29/2006 0:00,8/29/2006,9/29/2006,Sep,,,,,,,,,69696,5267.54,,,,,,,,,,,,,,,,,,,,,,,,,,,,,,,,,315,,,,,,,,,,,,,,,,,,,,,,,,,,,,,,,,,,,,,,237.87,0,0,0
NE1425ZZ,8/29/2006 0:00,7/28/2006,8/29/2006,Aug,,,,,,,,,93312,6706.83,,,,,,,,,,,,,,,,,,,,,,,,,,,,,,,,,347,,,,,,,,,,,,,,,,,,,,,,,,,,,,,,,,,,,,,,318.47,0,0,0
NE1425ZZ,10/29/2007 10:36,6/29/2006,7/28/2006,Jul,,,,,,,,,84096,6306.55,,,,,,,,,,,,,,,,,,,,,,,,,,,,,,,,,370,,,,,,,,,,,,,,,,,,,,,,,,,,,,,,,,,,,,,,287.02,0,0,0
OH0302ZZ,10/24/2007 20:22,1/1/2006,12/31/2006,,,,,,,,,,,,,,,,,,,,,,,,,,,,,,,,,,,,,,,,,,,,,,174181.68,,,,,140766.6,,37300.01,,,,,,,,,,,,,,,,,,,,,,,,,,,579.49,,0,0,0,0
IA0027ZZ,10/26/2007 14:51,4/1/2006,3/31/2007,Apr,,,,,,,,,,,,,,,,,,,,,,,,,,,,,,,,,,,,,,,,,,,,,152217.7,3674,520,1179,,133025.55,,6420.68,,264,906.52,,,,,,,,,,,,,,,,,,4800,,,,118800,,,,0,0,0,0
OH0033ZZ,10/24/2007 20:03,4/1/2006,3/31/2007,Apr,,,,,,,,,,,,,,,,,,,,,,,,,,,,,,,,,,,,,,,,,,,,,111328.68,,684,805,,270475.92,,3100,,,3067.2,,,,,,,,,,,,,,,,,,,,,,48000,,,,0,0,0,0
NE0036ZZ,10/23/2007 11:56,5/31/2006,6/30/2007,May,,,,,,,,,,,,,,,,,,,,,,,,,,,,,,,,,,,,,,,,,,,,,,,785,2540,,,,,,,,,,,,,,,,,,,,,,,,,,,,,,,1692,,0,0,0,0
CA0200ZZ,10/24/2007 18:33,10/10/2005,12/12/2005,Oct,308196,1058.74,,,,,,65.92,,,,,,,,,,,,,,,,,,,,,,,,,,,,,,,,,,,,,,,,,,,,,,,,,,,,,,,,,,,,,,,,,,,,,,,,,0,0,0,0
CA0200ZZ,10/24/2007 18:24,6/13/2005,8/10/2005,Jun,282750,968.35,,,,,,57.83,,,,,,,,,,,,,,,,,,,,,,,,,,,,,,,,,,,,,,,,,,,,,,,,,,,,,,,,,,,,,,,,,,,,,,,,,0,0,0,0
CA0200ZZ,10/24/2007 18:30,8/10/2005,10/10/2005,Aug,303719,1046.03,,,,,,64.96,,,,,,,,,,,,,,,,,,,,,,,,,,,,,,,,,,,,,,,,,,,,,,,,,,,,,,,,,,,,,,,,,,,,,,,,,0,0,0,0
CA0200ZZ,10/24/2007 18:12,8/14/2006,10/9/2006,Aug,480984,1630.98,,,,,,120.88,,,,,,,,,,,,,,,,,,,,,,,,,,,,,,,,,,,,,,,,,,,,,,,,,,,,,,,,,,,,,,,,,,,,,,,,,0,0,0,0
CA0200ZZ,10/24/2007 18:22,2/12/2007,4/9/2007,Feb,427112,1469.05,,,,,,107.35,,,,,,,,,,,,,,,,,,,,,,,,,,,,,,,,,,,,,,,,,,,,,,,,,,,,,,,,,,,,,,,,,,,,,,,,,0,0,0,0
CA0200ZZ,10/24/2007 18:14,10/9/2006,12/11/2006,Oct,507150,1709.7,,,,,,127.46,,,,,,,,,,,,,,,,,,,,,,,,,,,,,,,,,,,,,,,,,,,,,,,,,,,,,,,,,,,,,,,,,,,,,,,,,0,0,0,0
CA0200ZZ,10/24/2007 18:17,12/11/2006,2/12/2007,Dec,468279,1592.75,,,,,,117.69,,,,,,,,,,,,,,,,,,,,,,,,,,,,,,,,,,,,,,,,,,,,,,,,,,,,,,,,,,,,,,,,,,,,,,,,,0,0,0,0
UT1434ZZ,9/4/2007 15:40,7/17/2006,8/17/2006,Jul,580500,735.53,,,,,,223.64,,,,,,,,,,,,,,,,,,,,,,,,,,,,,,,,,,,,,,,,,,,,,,,,,,,,,,,,,,,,,,,,,,,,,,,,,0,0,0,0
UT1434ZZ,9/4/2007 15:42,8/17/2006,9/17/2006,Aug,714400,893.53,,,,,,242.39,,,,,,,,,,,,,,,,,,,,,,,,,,,,,,,,,,,,,,,,,,,,,,,,,,,,,,,,,,,,,,,,,,,,,,,,,0,0,0,0
UT1434ZZ,9/4/2007 14:36,1/25/2006,2/24/2006,Jan,,,,,,,,,187200,6202.62,,,,,,,,,,,,,,,,,,,,,,,,,,,,,,,,,341,3491.84,,,,,,,,,,,,,,,,,,,,,,,,,,,,,,,,,,,,,638.91,0,0,0
UT1434ZZ,9/4/2007 15:48,9/17/2006,10/17/2006,Sep,173900,255.74,,,,,,166.72,,,,,,,,,,,,,,,,,,,,,,,,,,,,,,,,,,,,,,,,,,,,,,,,,,,,,,,,,,,,,,,,,,,,,,,,,0,0,0,0
UT1434ZZ,9/4/2007 15:48,10/17/2006,11/17/2006,Oct,117900,189.66,,,,,,158.88,,,,,,,,,,,,,,,,,,,,,,,,,,,,,,,,,,,,,,,,,,,,,,,,,,,,,,,,,,,,,,,,,,,,,,,,,0,0,0,0
UT1434ZZ,9/4/2007 15:58,11/17/2006,12/17/2006,Nov,109300,179.51,,,,,,157.67,,,,,,,,,,,,,,,,,,,,,,,,,,,,,,,,,,,,,,,,,,,,,,,,,,,,,,,,,,,,,,,,,,,,,,,,,0,0,0,0
UT1434ZZ,9/4/2007 15:57,1/17/2007,2/17/2007,Jan,108700,178.81,,,,,,157.59,,,,,,,,,,,,,,,,,,,,,,,,,,,,,,,,,,,,,,,,,,,,,,,,,,,,,,,,,,,,,,,,,,,,,,,,,0,0,0,0
UT1434ZZ,9/4/2007 15:56,12/17/2006,1/17/2007,Dec,60200,121.58,,,,,,150.8,,,,,,,,,,,,,,,,,,,,,,,,,,,,,,,,,,,,,,,,,,,,,,,,,,,,,,,,,,,,,,,,,,,,,,,,,0,0,0,0
UT1434ZZ,9/4/2007 15:58,2/17/2007,3/17/2007,Feb,92900,160.16,,,,,,155.38,,,,,,,,,,,,,,,,,,,,,,,,,,,,,,,,,,,,,,,,,,,,,,,,,,,,,,,,,,,,,,,,,,,,,,,,,0,0,0,0
UT1434ZZ,9/4/2007 16:00,3/17/2007,4/17/2007,Mar,121400,193.79,,,,,,159.37,,,,,,,,,,,,,,,,,,,,,,,,,,,,,,,,,,,,,,,,,,,,,,,,,,,,,,,,,,,,,,,,,,,,,,,,,0,0,0,0
UT1434ZZ,9/4/2007 16:01,4/17/2007,5/17/2007,Apr,192200,277.34,,,,,,169.28,,,,,,,,,,,,,,,,,,,,,,,,,,,,,,,,,,,,,,,,,,,,,,,,,,,,,,,,,,,,,,,,,,,,,,,,,0,0,0,0
UT1434ZZ,9/4/2007 16:04,5/17/2007,6/17/2007,May,422800,549.44,,,,,,201.56,,,,,,,,,,,,,,,,,,,,,,,,,,,,,,,,,,,,,,,,,,,,,,,,,,,,,,,,,,,,,,,,,,,,,,,,,0,0,0,0
UT1434ZZ,9/4/2007 16:06,6/17/2007,7/17/2007,Jun,740600,924.45,,,,,,246.05,,,,,,,,,,,,,,,,,,,,,,,,,,,,,,,,,,,,,,,,,,,,,,,,,,,,,,,,,,,,,,,,,,,,,,,,,0,0,0,0
UT1434ZZ,9/4/2007 16:46,3/24/2006,4/20/2006,Mar,,,,,,,,,166200,5583.58,,,,,,,,,,,,,,,,,,,,,,,,,,,,,,,,,347,3553.28,,,,,,,,,,,,,,,,,,,,,,,,,,,,,,,,,,,,,567.24,0,0,0
UT1434ZZ,9/4/2007 16:38,4/21/2006,5/20/2006,Apr,,,,,,,,,178800,7289.29,,,,,,,,,,,,,,,,,,,,,,,,,,,,,,,,,356,3028.37,,,,,,,,,,,,,,,,,,,,,,,,,,,,,,,,,,,,,610.24,0,0,0
UT1434ZZ,9/4/2007 18:01,2/25/2006,3/23/2006,Feb,,,,,,,,,168000,5637.49,,,,,,,,,,,,,,,,,,,,,,,,,,,,,,,,,347,3553.28,,,,,,,,,,,,,,,,,,,,,,,,,,,,,,,,,,,,,573.38,0,0,0
UT1434ZZ,9/4/2007 16:54,5/21/2006,6/21/2006,May,,,,,,,,,197100,6846.99,,,,,,,,,,,,,,,,,,,,,,,,,,,,,,,,,440,5614.4,,,,,,,,,,,,,,,,,,,,,,,,,,,,,,,,,,,,,672.7,0,0,0
UT1434ZZ,9/4/2007 16:57,6/22/2006,7/21/2006,Jun,,,,,,,,,224100,7712.31,,,,,,,,,,,,,,,,,,,,,,,,,,,,,,,,,467,5958.92,,,,,,,,,,,,,,,,,,,,,,,,,,,,,,,,,,,,,764.85,0,0,0
UT1434ZZ,9/4/2007 16:58,7/22/2006,8/21/2006,Jul,,,,,,,,,232200,7908.34,,,,,,,,,,,,,,,,,,,,,,,,,,,,,,,,,472,6022.72,,,,,,,,,,,,,,,,,,,,,,,,,,,,,,,,,,,,,792.5,0,0,0
UT1434ZZ,9/4/2007 17:01,8/22/2006,9/22/2006,Aug,,,,,,,,,215700,7286.58,,,,,,,,,,,,,,,,,,,,,,,,,,,,,,,,,436,5563.36,,,,,,,,,,,,,,,,,,,,,,,,,,,,,,,,,,,,,736.18,0,0,0
UT1434ZZ,9/4/2007 17:03,9/23/2006,10/23/2006,Sep,,,,,,,,,182700,6056.64,,,,,,,,,,,,,,,,,,,,,,,,,,,,,,,,,362,3942.3,,,,,,,,,,,,,,,,,,,,,,,,,,,,,,,,,,,,,623.56,0,0,0
UT1434ZZ,9/4/2007 17:56,10/23/2006,11/21/2006,Oct,,,,,,,,,183600,6045.52,,,,,,,,,,,,,,,,,,,,,,,,,,,,,,,,,361,3696.64,,,,,,,,,,,,,,,,,,,,,,,,,,,,,,,,,,,,,626.63,0,0,0
UT1434ZZ,9/4/2007 17:05,11/22/2006,12/26/2006,Nov,,,,,,,,,209100,6846.96,,,,,,,,,,,,,,,,,,,,,,,,,,,,,,,,,351,3741.86,,,,,,,,,,,,,,,,,,,,,,,,,,,,,,,,,,,,,713.66,0,0,0
UT1434ZZ,9/4/2007 17:06,12/27/2006,1/24/2007,Dec,,,,,,,,,168900,5663.49,,,,,,,,,,,,,,,,,,,,,,,,,,,,,,,,,337,3760.92,,,,,,,,,,,,,,,,,,,,,,,,,,,,,,,,,,,,,576.46,0,0,0
UT1434ZZ,9/4/2007 17:07,1/25/2007,2/22/2007,Jan,,,,,,,,,175200,5884.09,,,,,,,,,,,,,,,,,,,,,,,,,,,,,,,,,357,3984.12,,,,,,,,,,,,,,,,,,,,,,,,,,,,,,,,,,,,,597.96,0,0,0
UT1434ZZ,10/14/2007 16:39,1/11/2006,2/10/2006,Jan,,,,,,,,,,,,,362400,4033.19,,,,,,,,,,,,,,,,,,,,,,,,,,,,,,,,,,,,,,,,,,,,,,,,,,,,,,,,,,,,,,,,,,,0,36.24,0,0
UT1434ZZ,10/14/2007 16:38,2/11/2006,3/9/2006,Feb,,,,,,,,,,,,,271400,2805,,,,,,,,,,,,,,,,,,,,,,,,,,,,,,,,,,,,,,,,,,,,,,,,,,,,,,,,,,,,,,,,,,,0,27.14,0,0
UT1434ZZ,10/14/2007 16:38,3/10/2006,4/7/2006,Mar,,,,,,,,,,,,,245500,2493.64,,,,,,,,,,,,,,,,,,,,,,,,,,,,,,,,,,,,,,,,,,,,,,,,,,,,,,,,,,,,,,,,,,,0,24.55,0,0
UT1434ZZ,10/14/2007 16:37,4/8/2006,5/9/2006,Apr,,,,,,,,,,,,,134400,1306.51,,,,,,,,,,,,,,,,,,,,,,,,,,,,,,,,,,,,,,,,,,,,,,,,,,,,,,,,,,,,,,,,,,,0,13.44,0,0
UT1434ZZ,10/14/2007 16:37,5/10/2006,6/9/2006,May,,,,,,,,,,,,,8200,154.09,,,,,,,,,,,,,,,,,,,,,,,,,,,,,,,,,,,,,,,,,,,,,,,,,,,,,,,,,,,,,,,,,,,0,0.82,0,0
UT1434ZZ,9/4/2007 17:40,6/10/2006,7/10/2006,Jun,,,,,,,,,,,,,0,62.04,,,,,,,,,,,,,,,,,,,,,,,,,,,,,,,,,,,,,,,,,,,,,,,,,,,,,,,,,,,,,,,,,,,0,0,0,0
UT1434ZZ,9/4/2007 17:40,7/11/2006,8/8/2006,Jul,,,,,,,,,,,,,0,62.04,,,,,,,,,,,,,,,,,,,,,,,,,,,,,,,,,,,,,,,,,,,,,,,,,,,,,,,,,,,,,,,,,,,0,0,0,0
UT1434ZZ,9/4/2007 17:55,8/9/2006,9/11/2006,Aug,,,,,,,,,,,,,0,62.04,,,,,,,,,,,,,,,,,,,,,,,,,,,,,,,,,,,,,,,,,,,,,,,,,,,,,,,,,,,,,,,,,,,0,0,0,0
UT1434ZZ,10/14/2007 16:37,9/12/2006,10/10/2006,Sep,,,,,,,,,,,,,63200,641.18,,,,,,,,,,,,,,,,,,,,,,,,,,,,,,,,,,,,,,,,,,,,,,,,,,,,,,,,,,,,,,,,,,,0,6.32,0,0
UT1434ZZ,10/14/2007 16:36,10/11/2006,11/8/2006,Oct,,,,,,,,,,,,,181800,1653.9,,,,,,,,,,,,,,,,,,,,,,,,,,,,,,,,,,,,,,,,,,,,,,,,,,,,,,,,,,,,,,,,,,,0,18.18,0,0
UT1434ZZ,10/14/2007 16:36,11/9/2006,12/8/2006,Nov,,,,,,,,,,,,,225100,1967.21,,,,,,,,,,,,,,,,,,,,,,,,,,,,,,,,,,,,,,,,,,,,,,,,,,,,,,,,,,,,,,,,,,,0,22.51,0,0
UT1434ZZ,10/14/2007 16:35,12/9/2006,1/9/2007,Dec,,,,,,,,,,,,,418000,3529.41,,,,,,,,,,,,,,,,,,,,,,,,,,,,,,,,,,,,,,,,,,,,,,,,,,,,,,,,,,,,,,,,,,,0,41.8,0,0
UT1434ZZ,10/14/2007 16:35,1/10/2007,2/7/2007,Jan,,,,,,,,,,,,,382500,3218.03,,,,,,,,,,,,,,,,,,,,,,,,,,,,,,,,,,,,,,,,,,,,,,,,,,,,,,,,,,,,,,,,,,,0,38.25,0,0
UT1434ZZ,10/14/2007 16:34,2/8/2007,3/8/2007,Feb,,,,,,,,,,,,,191700,1723.03,,,,,,,,,,,,,,,,,,,,,,,,,,,,,,,,,,,,,,,,,,,,,,,,,,,,,,,,,,,,,,,,,,,0,19.17,0,0
UT1434ZZ,10/14/2007 16:34,3/9/2007,4/10/2007,Mar,,,,,,,,,,,,,135600,1251.24,,,,,,,,,,,,,,,,,,,,,,,,,,,,,,,,,,,,,,,,,,,,,,,,,,,,,,,,,,,,,,,,,,,0,13.56,0,0
UT1434ZZ,10/14/2007 16:34,4/11/2007,5/8/2007,Apr,,,,,,,,,,,,,100900,860.9,,,,,,,,,,,,,,,,,,,,,,,,,,,,,,,,,,,,,,,,,,,,,,,,,,,,,,,,,,,,,,,,,,,0,10.09,0,0
UT1434ZZ,9/4/2007 17:48,5/9/2007,6/8/2007,May,,,,,,,,,,,,,0,62.04,,,,,,,,,,,,,,,,,,,,,,,,,,,,,,,,,,,,,,,,,,,,,,,,,,,,,,,,,,,,,,,,,,,0,0,0,0
UT1434ZZ,9/4/2007 17:49,6/9/2007,7/11/2007,Jun,,,,,,,,,,,,,0,62.04,,,,,,,,,,,,,,,,,,,,,,,,,,,,,,,,,,,,,,,,,,,,,,,,,,,,,,,,,,,,,,,,,,,0,0,0,0
UT1434ZZ,9/4/2007 17:50,2/23/2007,3/26/2007,Feb,,,,,,,,,186900,6217.44,,,,,,,,,,,,,,,,,,,,,,,,,,,,,,,,,341,3805.56,,,,,,,,,,,,,,,,,,,,,,,,,,,,,,,,,,,,,637.89,0,0,0
UT1434ZZ,9/4/2007 17:51,3/27/2007,4/21/2007,Mar,,,,,,,,,147300,4978.17,,,,,,,,,,,,,,,,,,,,,,,,,,,,,,,,,318,3548.88,,,,,,,,,,,,,,,,,,,,,,,,,,,,,,,,,,,,,502.73,0,0,0
UT1434ZZ,9/4/2007 17:52,4/22/2007,5/19/2007,Apr,,,,,,,,,160500,5795.84,,,,,,,,,,,,,,,,,,,,,,,,,,,,,,,,,354,4611.23,,,,,,,,,,,,,,,,,,,,,,,,,,,,,,,,,,,,,547.79,0,0,0
UT1434ZZ,9/4/2007 17:54,5/20/2007,6/20/2007,May,,,,,,,,,184800,7047.21,,,,,,,,,,,,,,,,,,,,,,,,,,,,,,,,,409,5689.19,,,,,,,,,,,,,,,,,,,,,,,,,,,,,,,,,,,,,630.72,0,0,0
UT1434ZZ,9/4/2007 17:54,6/21/2007,7/21/2007,Jun,,,,,,,,,205500,7872.59,,,,,,,,,,,,,,,,,,,,,,,,,,,,,,,,,418,5814.38,,,,,,,,,,,,,,,,,,,,,,,,,,,,,,,,,,,,,701.37,0,0,0
OH0302ZZ,9/10/2007 15:49,4/1/2007,4/30/2007,Apr,43384,358.91,,,,,,,54800,6556.26,,,0,0,,,,,79.8,710.75,,,,,,,,,,,,,,,,,,,,,,,,,,,,,,,,,,,,,,,,,,,,,,,,,,,,,,,,,,,,,187.03,0,79.8,0
OH0302ZZ,9/10/2007 15:49,5/1/2007,5/31/2007,May,30668,265.8,,,,,,,86080,8619.54,,,0,0,,,,,1.05,9.35,,,,,,,,,,,,,,,,,,,,,,,,,,,,,,,,,,,,,,,,,,,,,,,,,,,,,,,,,,,,,293.79,0,1.05,0
TN0012ZZ,10/25/2007 12:36,4/1/2006,3/31/2007,Apr,,,,,,,,,,,,,,,,,,,,,,,,,,,,,,,,,,,,,,,,,,,,,204900,9200,180,,,227620,,4000,,,900,,,,,,,,,,,,,,,,,,,,,,78000,,1077.95,,0,0,0,0
CA0309ZZ,10/24/2007 12:06,3/8/2006,5/15/2006,Mar,,,499697,494.66,74057,62.46,,418.62,,,,,,,,,,,,,,,,,,,,,,,,,,,,,,,,,,,,,,,,,,,,,,,,,,,,,,,,,,,,,,,,,,,,,,,,,0,0,0,0
OH0033ZZ,10/24/2007 19:35,10/1/2006,2/28/2007,Oct,,,,,,,,,,,,,,,,,,,,,,,,,,,,,,,,,,,,,,,,,,,,,,,,,,,,,,,,,,,,,,,,,101.05,,,,,,,,5601,,,,,,,,0,0,0,0
CO0061ZZ,9/7/2007 11:58,1/1/2006,12/31/2006,,,,,,,,,,,,,,,,,,,,,,,,,,,,,,,,,,,,,,,,,,,,,,,,,,,,,,,,,,,,,,,,,,,,,,,,,,,,,,,,,,0,0,0,0
OH0033ZZ,10/24/2007 19:35,10/1/2005,9/30/2006,Oct,,,,,,,,,,,,,,,,,,,,,,,,,,,,,,,,,,,,,,,,,,,,,,,,,,,,,,,,,,,,,,,,,328.26,,,,,,,,19458,,,,,,,,0,0,0,0
CA0200ZZ,10/26/2007 14:53,1/1/2006,12/31/2006,Jan,,,,,,,,,,,,,,,,,,,,,,,,,,,,,,,,,,,,,,,,,,,,,366483.15,,477,237,,290888.28,,15018,,2496,18360,,,,,,,,,,-1600.2,,,,,,,,21336,,,,1123200,,438.25,326.5,0,0,0,0
TN0076ZZ,10/8/2007 15:07,1/1/2006,12/31/2006,Jan,,,,,,,,,,,,,,,,,,,,,,,,,64.056,,,,,,,,6.404,,0.012,,,,,,29.133,,,,,,,,,,,,,,,,,,,,,,,,,,,,,,,,,,,,,,,,0,0,0,0
NE1430ZZ,10/9/2007 13:35,4/14/2006,5/12/2006,Apr,273039,329.97,,,,,,245.68,,,,,,,,,,,,,,,,,,,,,,,,,,,,,,,,,,,,,,,,,,,,,,,,,,,,,,,,,,,,,,,,,,,,,,,,,0,0,0,0
NE1430ZZ,10/9/2007 13:35,5/13/2006,6/12/2006,May,394971,597.39,,,,,,352.24,,,,,,,,,,,,,,,,,,,,,,,,,,,,,,,,,,,,,,,,,,,,,,,,,,,,,,,,,,,,,,,,,,,,,,,,,0,0,0,0
NE1430ZZ,10/26/2007 14:28,6/13/2006,7/12/2006,Jun,297725,461.35,,,,,,267.25,,,,,,,,,,,,,,,,,,,,,,,,,,,,,,,,,,,,,,,,,,,,,,,,,,,,,,,,,,,,,,,,,,,,,,,,,0,0,0,0
NE1430ZZ,10/9/2007 13:37,7/13/2006,8/11/2006,Jul,101735,187.19,,,,,,95.97,,,,,,,,,,,,,,,,,,,,,,,,,,,,,,,,,,,,,,,,,,,,,,,,,,,,,,,,,,,,,,,,,,,,,,,,,0,0,0,0
NE1430ZZ,10/9/2007 13:38,8/12/2006,9/12/2006,Aug,135397,234.28,,,,,,125.38,,,,,,,,,,,,,,,,,,,,,,,,,,,,,,,,,,,,,,,,,,,,,,,,,,,,,,,,,,,,,,,,,,,,,,,,,0,0,0,0
NE1430ZZ,10/9/2007 13:39,9/13/2006,10/11/2006,Sep,438358,658.09,,,,,,390.16,,,,,,,,,,,,,,,,,,,,,,,,,,,,,,,,,,,,,,,,,,,,,,,,,,,,,,,,,,,,,,,,,,,,,,,,,0,0,0,0
NE1430ZZ,10/9/2007 13:42,10/12/2006,11/9/2006,Oct,138390,189.37,,,,,,128,,,,,,,,,,,,,,,,,,,,,,,,,,,,,,,,,,,,,,,,,,,,,,,,,,,,,,,,,,,,,,,,,,,,,,,,,0,0,0,0
NE1430ZZ,10/9/2007 13:43,11/10/2006,12/12/2006,Nov,6732,51.9,,,,,,12.94,,,,,,,,,,,,,,,,,,,,,,,,,,,,,,,,,,,,,,,,,,,,,,,,,,,,,,,,,,,,,,,,,,,,,,,,,0,0,0,0
NE1430ZZ,10/9/2007 13:44,12/13/2006,1/10/2007,Dec,2992,47.99,,,,,,11.5,,,,,,,,,,,,,,,,,,,,,,,,,,,,,,,,,,,,,,,,,,,,,,,,,,,,,,,,,,,,,,,,,,,,,,,,,0,0,0,0
NE1430ZZ,10/9/2007 13:45,1/11/2007,2/9/2007,Jan,10473,58.59,,,,,,18.63,,,,,,,,,,,,,,,,,,,,,,,,,,,,,,,,,,,,,,,,,,,,,,,,,,,,,,,,,,,,,,,,,,,,,,,,,0,0,0,0
NE1430ZZ,10/9/2007 13:46,2/10/2007,3/12/2007,Feb,17205,65.98,,,,,,25.05,,,,,,,,,,,,,,,,,,,,,,,,,,,,,,,,,,,,,,,,,,,,,,,,,,,,,,,,,,,,,,,,,,,,,,,,,0,0,0,0
NE1430ZZ,10/9/2007 13:47,3/13/2007,4/9/2007,Mar,17953,66.8,,,,,,25.75,,,,,,,,,,,,,,,,,,,,,,,,,,,,,,,,,,,,,,,,,,,,,,,,,,,,,,,,,,,,,,,,,,,,,,,,,0,0,0,0
NE1430ZZ,10/9/2007 13:49,4/10/2007,5/5/2007,Apr,17205,59.7,,,,,,23.89,,,,,,,,,,,,,,,,,,,,,,,,,,,,,,,,,,,,,,,,,,,,,,,,,,,,,,,,,,,,,,,,,,,,,,,,,0,0,0,0
NE1430ZZ,10/9/2007 13:50,5/6/2007,6/6/2007,May,207958,352.6,,,,,,206.77,,,,,,,,,,,,,,,,,,,,,,,,,,,,,,,,,,,,,,,,,,,,,,,,,,,,,,,,,,,,,,,,,,,,,,,,,0,0,0,0
NE1430ZZ,10/16/2007 13:06,9/29/2006,10/31/2006,Oct,,,,,,,,,99360,6136.51,,,,,,,,,,,,,,,,,,,,,,,,,,,,,,,,,374.98,,,,,,,,,,,,,,,,,,,,,,,,,,,,,,,,,,,,,,339.12,0,0,0
NE1430ZZ,10/16/2007 12:48,11/1/2006,11/29/2006,Nov,,,,,,,,,93312,5837.61,,,,,,,,,,,,,,,,,,,,,,,,,,,,,,,,,347.33,,,,,,,,,,,,,,,,,,,,,,,,,,,,,,,,,,,,,,318.47,0,0,0
NE1430ZZ,10/16/2007 12:50,11/30/2006,1/3/2007,Dec,,,,,,,,,146016,7834.42,,,,,,,,,,,,,,,,,,,,,,,,,,,,,,,,,413.86,,,,,,,,,,,,,,,,,,,,,,,,,,,,,,,,,,,,,,498.35,0,0,0
NE1430ZZ,10/16/2007 12:52,1/4/2007,1/29/2007,Jan,,,,,,,,,139968,8203.86,,,,,,,,,,,,,,,,,,,,,,,,,,,,,,,,,461.38,,,,,,,,,,,,,,,,,,,,,,,,,,,,,,,,,,,,,,477.71,0,0,0
NE1430ZZ,10/16/2007 12:53,1/30/2007,2/28/2007,Feb,,,,,,,,,177984,9809.22,,,,,,,,,,,,,,,,,,,,,,,,,,,,,,,,,528.77,,,,,,,,,,,,,,,,,,,,,,,,,,,,,,,,,,,,,,607.46,0,0,0
NE1430ZZ,10/16/2007 12:55,3/1/2007,3/29/2007,Mar,,,,,,,,,104544,6074.27,,,,,,,,,,,,,,,,,,,,,,,,,,,,,,,,,338.69,,,,,,,,,,,,,,,,,,,,,,,,,,,,,,,,,,,,,,356.81,0,0,0
NE1430ZZ,10/16/2007 12:56,3/30/2007,4/27/2007,Apr,,,,,,,,,90720,5576.56,,,,,,,,,,,,,,,,,,,,,,,,,,,,,,,,,284.26,,,,,,,,,,,,,,,,,,,,,,,,,,,,,,,,,,,,,,309.63,0,0,0
NE1430ZZ,10/16/2007 12:57,4/28/2007,5/31/2007,May,,,,,,,,,88992,5498.89,,,,,,,,,,,,,,,,,,,,,,,,,,,,,,,,,181.44,,,,,,,,,,,,,,,,,,,,,,,,,,,,,,,,,,,,,,303.73,0,0,0
NE1430ZZ,10/16/2007 12:58,6/1/2007,7/2/2007,Jun,,,,,,,,,88992,6508.24,,,,,,,,,,,,,,,,,,,,,,,,,,,,,,,,,205.63,,,,,,,,,,,,,,,,,,,,,,,,,,,,,,,,,,,,,,303.73,0,0,0
NE1430ZZ,10/16/2007 12:59,7/3/2007,7/31/2007,Jul,,,,,,,,,85536,6313.73,,,,,,,,,,,,,,,,,,,,,,,,,,,,,,,,,215.14,,,,,,,,,,,,,,,,,,,,,,,,,,,,,,,,,,,,,,291.93,0,0,0
NE1430ZZ,10/16/2007 13:00,8/1/2007,8/28/2007,Aug,,,,,,,,,75744,5762.61,,,,,,,,,,,,,,,,,,,,,,,,,,,,,,,,,210.24,,,,,,,,,,,,,,,,,,,,,,,,,,,,,,,,,,,,,,258.51,0,0,0
NE1430ZZ,10/16/2007 13:01,8/29/2007,9/27/2007,Sep,,,,,,,,,78336,5908.5,,,,,,,,,,,,,,,,,,,,,,,,,,,,,,,,,184.9,,,,,,,,,,,,,,,,,,,,,,,,,,,,,,,,,,,,,,267.36,0,0,0
MT0767AI,10/25/2007 12:13,3/1/2005,3/2/2007,Mar,,,,,,,,,4839840,195070.94,,,,,,,,,,,,,,,,,,,,,,,,,,,,,,,,,8724,42904,616110,,17,455,,481260,,80070,,,11539.13,,,,,,,,,,2520,,,,,,,,,,,,,,,,16518.37,0,0,0
MT0767AI,10/25/2007 9:54,3/1/2006,2/28/2007,Mar,123144,8072.72,,,,,,2674.2,,,,,,,,,,,,,,,,,,,,,,,,,,,,,,,,,,,,,,,,,,,,,,,,,,,,,,,,,,,,,,,,,,,,,,,,,0,0,0,0
MT0767AI,10/25/2007 9:55,2/27/2005,3/7/2007,Feb,,,,,,,,,,,,,23868174.1,201041.22,,,,,,,,,,,,,,,,,,,,,,,,,,,,,,,,,,,,,,,,,,,,,,,,,,,,,,,,,,,,,,,,,,,0,2386.82,0,0
CO0061ZZ,10/23/2007 8:40,10/1/2004,9/30/2005,Oct,,,,,,,,,,,,,,,,,,,,,,,,,,,,,,,,,,,,,,,,,,,,,855686.29,89563.16,,,,386321.74,,31665.77,,,,,,,,,,,,,,,,,,,,,,,,,,,,,0,0,0,0
CO0061ZZ,10/23/2007 9:33,10/1/2005,9/30/2006,Oct,,,,,,,,,,,,,,,,,,,,,,,,,,,,,,,,,,,,,,,,,,,,,701318.33,116932.28,,,,299992.47,,29022.64,,,,,,,,,,,,,,,,,,,,,,,,,76983.4,,,,0,0,0,0
CO0061ZZ,10/23/2007 9:52,10/1/2006,9/30/2007,Oct,,,,,,,,,,,,,,,,,,,,,,,,,,,,,,,,,,,,,,,,,,,,,558746.38,245304.93,,,,220046.28,,29791,,,,,,,,,,,,,,,,,,,,,,,,,76983.4,,,,0,0,0,0
UT1434ZZ,10/26/2007 14:51,1/1/2006,12/31/2006,Jan,,,,,,,,,,,,,,,,,,,,,,,,,,,,,,,,,,,,,,,,,,,,,,,,,,,,,,977.8,,,,,,,,,,,,,,,,,,,,,,,440000,,,,0,0,0,0
CA0309ZZ,10/24/2007 12:30,5/16/2006,7/15/2006,May,,,2100524,1432.99,751042,469.75,,1749.62,,,,,,,,,,,,,,,,,,,,,,,,,,,,,,,,,,,,,,,,,,,,,,,,,,,,,,,,,,,,,,,,,,,,,,,,,0,0,0,0
CA0309ZZ,10/24/2007 12:30,7/16/2006,9/15/2006,Jul,,,2467817,1647.38,949276,585.28,,2055.46,,,,,,,,,,,,,,,,,,,,,,,,,,,,,,,,,,,,,,,,,,,,,,,,,,,,,,,,,,,,,,,,,,,,,,,,,0,0,0,0
CA0309ZZ,10/24/2007 12:31,9/16/2006,11/15/2006,Sep,,,1192392,903.75,871478,539.75,,994.6,,,,,,,,,,,,,,,,,,,,,,,,,,,,,,,,,,,,,,,,,,,,,,,,,,,,,,,,,,,,,,,,,,,,,,,,,0,0,0,0
CA0309ZZ,10/24/2007 12:32,11/16/2006,1/15/2007,Nov,,,317173,393.67,0,31.64,,266.91,,,,,,,,,,,,,,,,,,,,,,,,,,,,,,,,,,,,,,,,,,,,,,,,,,,,,,,,,,,,,,,,,,,,,,,,,0,0,0,0
CA0309ZZ,10/24/2007 12:33,1/16/2007,3/15/2007,Jan,,,248353,353.6,184020,139.07,,209.76,,,,,,,,,,,,,,,,,,,,,,,,,,,,,,,,,,,,,,,,,,,,,,,,,,,,,,,,,,,,,,,,,,,,,,,,,0,0,0,0
CA0309ZZ,10/24/2007 12:34,3/16/2007,5/15/2007,Mar,,,658284,646.31,528123,376.45,,612.45,,,,,,,,,,,,,,,,,,,,,,,,,,,,,,,,,,,,,,,,,,,,,,,,,,,,,,,,,,,,,,,,,,,,,,,,,0,0,0,0
CA0309ZZ,10/24/2007 12:35,5/16/2007,7/15/2007,May,,,467531,487.79,0,0,,464.95,,,,,,,,,,,,,,,,,,,,,,,,,,,,,,,,,,,,,,,,,,,,,,,,,,,,,,,,,,,,,,,,,,,,,,,,,0,0,0,0
CA0309ZZ,10/24/2007 12:36,7/16/2007,9/15/2007,Jul,,,2274072,1837.75,964236.5,719.14,,2249.64,,,,,,,,,,,,,,,,,,,,,,,,,,,,,,,,,,,,,,,,,,,,,,,,,,,,,,,,,,,,,,,,,,,,,,,,,0,0,0,0
CA0309ZZ,10/26/2007 14:48,10/1/2006,9/30/2007,Oct,,,,,,,,,,,,,,,,,,,,,,,,,,,,,,,,,,,,,,,,,,,,,1188000,,1200,,,759402.24,,24236.16,,72,24236.16,,,,,,,,,,,,,,,,,,36000,,,,32400,,4932,,0,0,0,0
CA0200ZZ,10/25/2007 13:53,4/10/2007,6/12/2007,Apr,628480,2076.28,,,,,,158.11,,,,,,,,,,,,,,,,,,,,,,,,,,,,,,,,,,,,,,,,,,,,,,,,,,,,,,,,,,,,,,,,,,,,,,,,,,,,
CA0200ZZ,10/25/2007 13:55,6/12/2007,8/13/2007,Jun,512368,1725.44,,,,,,128.78,,,,,,,,,,,,,,,,,,,,,,,,,,,,,,,,,,,,,,,,,,,,,,,,,,,,,,,,,,,,,,,,,,,,,,,,,,,,
CA0200ZZ,10/25/2007 13:59,8/13/2007,10/8/2007,Aug,527352,2190.75,,,,,,165.57,,,,,,,,,,,,,,,,,,,,,,,,,,,,,,,,,,,,,,,,,,,,,,,,,,,,,,,,,,,,,,,,,,,,,,,,,,,,
